"source_candidate_id"	"verdict"	"current_translation_zh_tw"	"suggested_translation_zh_tw"	"reason"
"th5000-cand-20260708-0007"	"PASS"	"等等"	""	""
"th5000-cand-20260708-0014"	"PASS"	"鉤"	""	""
"th5000-cand-20260708-0017"	"PASS"	"工業部"	""	""
"th5000-cand-20260708-0025"	"PASS"	"橢圓形"	""	""
"th5000-cand-20260708-0030"	"PASS"	"譴責"	""	""
"th5000-cand-20260708-0034"	"PASS"	"河"	""	""
"th5000-cand-20260708-0038"	"PASS"	"聚集；蜂擁"	""	""
"th5000-cand-20260708-0043"	"PASS"	"芝麻"	""	""
"th5000-cand-20260708-0048"	"PASS"	"相配"	""	""
"th5000-cand-20260708-0055"	"PASS"	"奴隸"	""	""
"th5000-cand-20260708-0065"	"PASS"	"戒除；忍住"	""	""
"th5000-cand-20260708-0069"	"PASS"	"烤"	""	""
"th5000-cand-20260708-0073"	"PASS"	"瑪拉"	""	""
"th5000-cand-20260708-0080"	"PASS"	"著急"	""	""
"th5000-cand-20260708-0088"	"PASS"	"能"	""	""
"th5000-cand-20260708-0094"	"PASS"	"模具"	""	""
"th5000-cand-20260708-0099"	"PASS"	"結束"	""	""
"th5000-cand-20260708-0103"	"PASS"	"底部；根基"	""	""
"th5000-cand-20260708-0112"	"PASS"	"噪音"	""	""
"th5000-cand-20260708-0120"	"PASS"	"一種由槳驅動的大型貨船"	""	""
"th5000-cand-20260708-0124"	"PASS"	"傳播（例如謠言）"	""	""
"th5000-cand-20260708-0128"	"PASS"	"章"	""	""
"th5000-cand-20260708-0131"	"PASS"	"用在女人名字前面的詞"	""	""
"th5000-cand-20260708-0134"	"PASS"	"極為"	""	""
"th5000-cand-20260708-0137"	"PASS"	"系統"	""	""
"th5000-cand-20260708-0141"	"PASS"	"為了"	""	""
"th5000-cand-20260708-0144"	"PASS"	"漫步"	""	""
"th5000-cand-20260708-0149"	"PASS"	"膨脹起來"	""	""
"th5000-cand-20260708-0154"	"PASS"	"叢"	""	""
"th5000-cand-20260708-0162"	"PASS"	"選擇"	""	""
"th5000-cand-20260708-0166"	"PASS"	"考慮"	""	""
"th5000-cand-20260708-0169"	"PASS"	"千"	""	""
"th5000-cand-20260708-0173"	"PASS"	"拿"	""	""
"th5000-cand-20260708-0179"	"PASS"	"集合"	""	""
"th5000-cand-20260708-0183"	"PASS"	"加襯；填塞"	""	""
"th5000-cand-20260708-0187"	"PASS"	"劈"	""	""
"th5000-cand-20260708-0191"	"PASS"	"改變"	""	""
"th5000-cand-20260708-0194"	"PASS"	"畫（線）"	""	""
"th5000-cand-20260708-0197"	"PASS"	"網站"	""	""
"th5000-cand-20260708-0200"	"PASS"	"導致；引起"	""	""
"th5000-cand-20260708-0207"	"PASS"	"副手；助理"	""	""
"th5000-cand-20260708-0215"	"PASS"	"國防部"	""	""
"th5000-cand-20260708-0218"	"PASS"	"達到"	""	""
"th5000-cand-20260708-0221"	"PASS"	"魚網"	""	""
"th5000-cand-20260708-0224"	"PASS"	"哪個"	""	""
"th5000-cand-20260708-0228"	"PASS"	"胖的"	""	""
"th5000-cand-20260708-0232"	"PASS"	"老的"	""	""
"th5000-cand-20260708-0237"	"PASS"	"分享"	""	""
"th5000-cand-20260708-0240"	"PASS"	"責任"	""	""
"th5000-cand-20260708-0246"	"PASS"	"封面；書套"	""	""
"th5000-cand-20260708-0249"	"PASS"	"授予佛教神學三級僧人稱號"	""	""
"th5000-cand-20260708-0259"	"PASS"	"商品"	""	""
"th5000-cand-20260708-0265"	"PASS"	"部分"	""	""
"th5000-cand-20260708-0269"	"PASS"	"包含"	""	""
"th5000-cand-20260708-0276"	"PASS"	"地下藏身之處"	""	""
"th5000-cand-20260708-0281"	"PASS"	"筏"	""	""
"th5000-cand-20260708-0284"	"PASS"	"賭注"	""	""
"th5000-cand-20260708-0289"	"PASS"	"危險"	""	""
"th5000-cand-20260708-0295"	"PASS"	"年輕的"	""	""
"th5000-cand-20260708-0299"	"PASS"	"學習"
"th5000-cand-20260708-0306"	"PASS"	"集中"	""	""
"th5000-cand-20260708-0311"	"PASS"	"壓碎"	""	""
"th5000-cand-20260708-0314"	"PASS"	"成員"	""	""
"th5000-cand-20260708-0317"	"PASS"	"迷惑"	""	""
"th5000-cand-20260708-0323"	"PASS"	"提取"	""	""
"th5000-cand-20260708-0327"	"PASS"	"要求"	""	""
"th5000-cand-20260708-0330"	"PASS"	"泰國科學技術研究院"	""	""
"th5000-cand-20260708-0334"	"PASS"	"國王"	""	""
"th5000-cand-20260708-0339"	"PASS"	"班級"	""	""
"th5000-cand-20260708-0342"	"PASS"	"城市"	""	""
"th5000-cand-20260708-0345"	"PASS"	"獨自"	""	""
"th5000-cand-20260708-0348"	"PASS"	"住宅"	""	""
"th5000-cand-20260708-0352"	"PASS"	"教義"	""	""
"th5000-cand-20260708-0355"	"PASS"	"鉤住"	""	""
"th5000-cand-20260708-0358"	"PASS"	"免受"	""	""
"th5000-cand-20260708-0361"	"PASS"	"分裂"	""	""
"th5000-cand-20260708-0365"	"PASS"	"產生"	""	""
"th5000-cand-20260708-0368"	"PASS"	"面對"	""	""
"th5000-cand-20260708-0374"	"PASS"	"安全"	""	""
"th5000-cand-20260708-0379"	"PASS"	"時間"	""	""
"th5000-cand-20260708-0382"	"PASS"	"畫（一條線）"	""	""
"th5000-cand-20260708-0386"	"PASS"	"分享"	""	""
"th5000-cand-20260708-0390"	"PASS"	"階段"	""	""
"th5000-cand-20260708-0394"	"PASS"	"雇主"	""	""
"th5000-cand-20260708-0398"	"PASS"	"很重要"	""	""
"th5000-cand-20260708-0402"	"PASS"	"方法"	""	""
"th5000-cand-20260708-0407"	"PASS"	"品牌"	""	""
"th5000-cand-20260708-0411"	"PASS"	"脂肪"	""	""
"th5000-cand-20260708-0416"	"PASS"	"時髦；有型"	""	""
"th5000-cand-20260708-0420"	"PASS"	"獎金"	""	""
"th5000-cand-20260708-0423"	"PASS"	"發展"	""	""
"th5000-cand-20260708-0426"	"PASS"	"香蕉花"	""	""
"th5000-cand-20260708-0429"	"PASS"	"知識"	""	""
"th5000-cand-20260708-0432"	"PASS"	"時間"	""	""
"th5000-cand-20260708-0435"	"PASS"	"徹底地"	""	""
"th5000-cand-20260708-0438"	"PASS"	"部分"	""	""
"th5000-cand-20260708-0442"	"PASS"	"大大地"	""	""
"th5000-cand-20260708-0446"	"PASS"	"維修"	""	""
"th5000-cand-20260708-0450"	"PASS"	"地方"	""	""
"th5000-cand-20260708-0455"	"PASS"	"徹底地"	""	""
"th5000-cand-20260708-0458"	"PASS"	"整平；弄平"	""	""
"th5000-cand-20260708-0462"	"PASS"	"團體"	""	""
"th5000-cand-20260708-0467"	"PASS"	"弓"	""	""
"th5000-cand-20260708-0472"	"PASS"	"展示"	""	""
"th5000-cand-20260708-0479"	"PASS"	"小提琴"	""	""
"th5000-cand-20260708-0484"	"PASS"	"即將受戒為佛教僧侶的人"	""	""
"th5000-cand-20260708-0489"	"PASS"	"團體"	""	""
"th5000-cand-20260708-0494"	"PASS"	"都會"	""	""
"th5000-cand-20260708-0499"	"PASS"	"問題"	""	""
"th5000-cand-20260708-0506"	"PASS"	"三"	""	""
"th5000-cand-20260708-0509"	"PASS"	"結構"	""	""
"th5000-cand-20260708-0513"	"PASS"	"全部"	""	""
"th5000-cand-20260708-0518"	"PASS"	"排"	""	""
"th5000-cand-20260708-0522"	"PASS"	"丟"	""	""
"th5000-cand-20260708-0525"	"PASS"	"各種各樣的"	""	""
"th5000-cand-20260708-0529"	"PASS"	"中間"	""	""
"th5000-cand-20260708-0534"	"PASS"	"自由；有空"	""	""
"th5000-cand-20260708-0537"	"PASS"	"目錄"	""	""
"th5000-cand-20260708-0540"	"PASS"	"任何"	""	""
"th5000-cand-20260708-0543"	"PASS"	"駐紮"
"th5000-cand-20260708-0546"	"PASS"	"抽籤"	""	""
"th5000-cand-20260708-0551"	"PASS"	"公告；通知"	""	""
"th5000-cand-20260708-0554"	"PASS"	"明確；具體"	""	""
"th5000-cand-20260708-0557"	"PASS"	"被附身；著魔"	""	""
"th5000-cand-20260708-0564"	"PASS"	"花束"	""	""
"th5000-cand-20260708-0567"	"PASS"	"發布"	""	""
"th5000-cand-20260708-0570"	"PASS"	"一對"	""	""
"th5000-cand-20260708-0573"	"PASS"	"完全地"	""	""
"th5000-cand-20260708-0578"	"PASS"	"部分"	""	""
"th5000-cand-20260708-0581"	"PASS"	"類型"	""	""
"th5000-cand-20260708-0586"	"PASS"	"活動"	""	""
"th5000-cand-20260708-0590"	"PASS"	"洞"	""	""
"th5000-cand-20260708-0594"	"PASS"	"年老"	""	""
"th5000-cand-20260708-0599"	"PASS"	"溢出"	""	""
"th5000-cand-20260708-0602"	"PASS"	"租"	""	""
"th5000-cand-20260708-0605"	"PASS"	"說謊"	""	""
"th5000-cand-20260708-0608"	"PASS"	"點鐘"	""	""
"th5000-cand-20260708-0612"	"PASS"	"各種各樣的"	""	""
"th5000-cand-20260708-0616"	"PASS"	"最新的"	""	""
"th5000-cand-20260708-0621"	"PASS"	"部門"	""	""
"th5000-cand-20260708-0625"	"PASS"	"除了"	""	""
"th5000-cand-20260708-0631"	"PASS"	"打擾"	""	""
"th5000-cand-20260708-0635"	"PASS"	"規格"	""	""
"th5000-cand-20260708-0641"	"PASS"	"理事會"	""	""
"th5000-cand-20260708-0645"	"PASS"	"紡紗（紗線）"	""	""
"th5000-cand-20260708-0648"	"PASS"	"笑聲"	""	""
"th5000-cand-20260708-0654"	"PASS"	"安全地"	""	""
"th5000-cand-20260708-0658"	"PASS"	"雜貨店"	""	""
"th5000-cand-20260708-0663"	"PASS"	"蒸氣"	""	""
"th5000-cand-20260708-0666"	"PASS"	"身體"	""	""
"th5000-cand-20260708-0671"	"PASS"	"跑步"	""	""
"th5000-cand-20260708-0674"	"PASS"	"掩飾"	""	""
"th5000-cand-20260708-0678"	"PASS"	"學院"	""	""
"th5000-cand-20260708-0685"	"PASS"	"大學"	""	""
"th5000-cand-20260708-0688"	"PASS"	"保證"	""	""
"th5000-cand-20260708-0691"	"PASS"	"訪問"	""	""
"th5000-cand-20260708-0694"	"PASS"	"棲息處"	""	""
"th5000-cand-20260708-0700"	"PASS"	"估計"	""	""
"th5000-cand-20260708-0704"	"PASS"	"成功"	""	""
"th5000-cand-20260708-0708"	"PASS"	"生計；生活方式"	""	""
"th5000-cand-20260708-0711"	"PASS"	"住宅"	""	""
"th5000-cand-20260708-0715"	"PASS"	"年齡"	""	""
"th5000-cand-20260708-0718"	"PASS"	"平坦的"	""	""
"th5000-cand-20260708-0722"	"PASS"	"人們"	""	""
"th5000-cand-20260708-0726"	"PASS"	"帳戶"	""	""
"th5000-cand-20260708-0730"	"PASS"	"小蝦"	""	""
"th5000-cand-20260708-0734"	"PASS"	"理解"	""	""
"th5000-cand-20260708-0738"	"PASS"	"注意"	""	""
"th5000-cand-20260708-0742"	"PASS"	"放下"	""	""
"th5000-cand-20260708-0745"	"PASS"	"益處"	""	""
"th5000-cand-20260708-0748"	"PASS"	"支付"	""	""
"th5000-cand-20260708-0751"	"PASS"	"陰道"	""	""
"th5000-cand-20260708-0757"	"PASS"	"南"	""	""
"th5000-cand-20260708-0761"	"PASS"	"施捨"	""	""
"th5000-cand-20260708-0764"	"PASS"	"優於"	""	""
"th5000-cand-20260708-0767"	"PASS"	"適用"	""	""
"th5000-cand-20260708-0771"	"PASS"	"噴湧而出"	""	""
"th5000-cand-20260708-0775"	"PASS"	"產品"	""	""
"th5000-cand-20260708-0778"	"PASS"	"扳機"	""	""
"th5000-cand-20260708-0781"	"PASS"	"筒子架"
"th5000-cand-20260708-0785"	"PASS"	"吸收"	""	""
"th5000-cand-20260708-0788"	"PASS"	"片"	""	""
"th5000-cand-20260708-0791"	"PASS"	"從這一刻起"	""	""
"th5000-cand-20260708-0795"	"PASS"	"工作"	""	""
"th5000-cand-20260708-0798"	"PASS"	"碗"	""	""
"th5000-cand-20260708-0802"	"PASS"	"等級；名次"	""	""
"th5000-cand-20260708-0807"	"PASS"	"屁股"	""	""
"th5000-cand-20260708-0810"	"PASS"	"保護"	""	""
"th5000-cand-20260708-0813"	"PASS"	"失敗"	""	""
"th5000-cand-20260708-0816"	"PASS"	"顯眼；突出"	""	""
"th5000-cand-20260708-0819"	"PASS"	"搶"	""	""
"th5000-cand-20260708-0823"	"PASS"	"蹤跡"	""	""
"th5000-cand-20260708-0827"	"PASS"	"線"	""	""
"th5000-cand-20260708-0830"	"PASS"	"歡迎"	""	""
"th5000-cand-20260708-0835"	"PASS"	"調皮"	""	""
"th5000-cand-20260708-0841"	"PASS"	"太陽"	""	""
"th5000-cand-20260708-0844"	"PASS"	"照料；看管"	""	""
"th5000-cand-20260708-0847"	"PASS"	"失蹤；不見"	""	""
"th5000-cand-20260708-0851"	"PASS"	"好的"	""	""
"th5000-cand-20260708-0856"	"PASS"	"狀態"	""	""
"th5000-cand-20260708-0859"	"PASS"	"新房"	""	""
"th5000-cand-20260708-0863"	"PASS"	"分析"	""	""
"th5000-cand-20260708-0866"	"PASS"	"一般的"	""	""
"th5000-cand-20260708-0869"	"PASS"	"樁"	""	""
"th5000-cand-20260708-0872"	"PASS"	"勝利"	""	""
"th5000-cand-20260708-0877"	"PASS"	"入口"	""	""
"th5000-cand-20260708-0880"	"PASS"	"接下來；其次"	""	""
"th5000-cand-20260708-0885"	"PASS"	"蓬鬆的"	""	""
"th5000-cand-20260708-0889"	"PASS"	"中國的重量單位，等於 37.5 毫克（珠寶商使用）"	""	""
"th5000-cand-20260708-0893"	"PASS"	"鐵餅"	""	""
"th5000-cand-20260708-0897"	"PASS"	"疾病"	""	""
"th5000-cand-20260708-0902"	"PASS"	"寫"	""	""
"th5000-cand-20260708-0905"	"PASS"	"邊緣"	""	""
"th5000-cand-20260708-0909"	"PASS"	"方式"	""	""
"th5000-cand-20260708-0913"	"PASS"	"團體"	""	""
"th5000-cand-20260708-0916"	"PASS"	"結束"	""	""
"th5000-cand-20260708-0921"	"PASS"	"癌症"	""	""
"th5000-cand-20260708-0925"	"PASS"	"涉水而過"	""	""
"th5000-cand-20260708-0928"	"PASS"	"背包"	""	""
"th5000-cand-20260708-0931"	"PASS"	"地方"	""	""
"th5000-cand-20260708-0934"	"PASS"	"區"	""	""
"th5000-cand-20260708-0937"	"PASS"	"常"	""	""
"th5000-cand-20260708-0940"	"PASS"	"英尺"	""	""
"th5000-cand-20260708-0946"	"PASS"	"見面"	""	""
"th5000-cand-20260708-0949"	"PASS"	"用法類似 be 動詞，用來構成被動語態"	""	""
"th5000-cand-20260708-0953"	"PASS"	"社會；社交"	""	""
"th5000-cand-20260708-0956"	"PASS"	"擅長"	""	""
"th5000-cand-20260708-0959"	"PASS"	"筆記"	""	""
"th5000-cand-20260708-0963"	"PASS"	"法律"	""	""
"th5000-cand-20260708-0966"	"PASS"	"也"	""	""
"th5000-cand-20260708-0970"	"PASS"	"程式"	""	""
"th5000-cand-20260708-0975"	"PASS"	"移動"	""	""
"th5000-cand-20260708-0980"	"PASS"	"穿"	""	""
"th5000-cand-20260708-0983"	"PASS"	"內閣"	""	""
"th5000-cand-20260708-0988"	"PASS"	"相關性"	""	""
"th5000-cand-20260708-0993"	"PASS"	"支援"	""	""
"th5000-cand-20260708-0997"	"PASS"	"通常"	""	""
"th5000-cand-20260708-1001"	"PASS"	"指稱；提及"	""	""
"th5000-cand-20260708-1004"	"PASS"	"後部"	""	""
"th5000-cand-20260708-1007"	"PASS"	"投資"
"th5000-cand-20260708-1012"	"PASS"	"標記"	""	""
"th5000-cand-20260708-1015"	"PASS"	"一種砍刀"	""	""
"th5000-cand-20260708-1018"	"PASS"	"鬥爭"	""	""
"th5000-cand-20260708-1022"	"PASS"	"一種蛇的名稱"	""	""
"th5000-cand-20260708-1026"	"PASS"	"見面"	""	""
"th5000-cand-20260708-1030"	"PASS"	"更改為"	""	""
"th5000-cand-20260708-1033"	"PASS"	"命令"	""	""
"th5000-cand-20260708-1036"	"PASS"	"草稿"	""	""
"th5000-cand-20260708-1040"	"PASS"	"樹脂"	""	""
"th5000-cand-20260708-1043"	"PASS"	"例子"	""	""
"th5000-cand-20260708-1047"	"PASS"	"報告"	""	""
"th5000-cand-20260708-1051"	"PASS"	"完全的"	""	""
"th5000-cand-20260708-1055"	"PASS"	"享受"	""	""
"th5000-cand-20260708-1058"	"PASS"	"例如"	""	""
"th5000-cand-20260708-1063"	"PASS"	"陳述"	""	""
"th5000-cand-20260708-1066"	"PASS"	"競賽"	""	""
"th5000-cand-20260708-1069"	"PASS"	"網"	""	""
"th5000-cand-20260708-1073"	"PASS"	"結"	""	""
"th5000-cand-20260708-1077"	"PASS"	"練習"	""	""
"th5000-cand-20260708-1080"	"PASS"	"區"	""	""
"th5000-cand-20260708-1083"	"PASS"	"尋找"	""	""
"th5000-cand-20260708-1086"	"PASS"	"辦公室"	""	""
"th5000-cand-20260708-1089"	"PASS"	"條件；條款"	""	""
"th5000-cand-20260708-1092"	"PASS"	"編織"	""	""
"th5000-cand-20260708-1097"	"PASS"	"湧出"	""	""
"th5000-cand-20260708-1101"	"PASS"	"投影片；幻燈片"	""	""
"th5000-cand-20260708-1104"	"PASS"	"發展"	""	""
"th5000-cand-20260708-1108"	"PASS"	"繫上腰帶"	""	""
"th5000-cand-20260708-1111"	"PASS"	"問"	""	""
"th5000-cand-20260708-1115"	"PASS"	"一種用竹子製成的籃子，用來收集鹽"	""	""
"th5000-cand-20260708-1118"	"PASS"	"看看你！"	""	""
"th5000-cand-20260708-1121"	"PASS"	"出來"	""	""
"th5000-cand-20260708-1124"	"PASS"	"水"	""	""
"th5000-cand-20260708-1127"	"PASS"	"農地"	""	""
"th5000-cand-20260708-1132"	"PASS"	"戲劇；舞台劇"	""	""
"th5000-cand-20260708-1135"	"PASS"	"變得"	""	""
"th5000-cand-20260708-1138"	"PASS"	"強調"	""	""
"th5000-cand-20260708-1141"	"PASS"	"財產"	""	""
"th5000-cand-20260708-1146"	"PASS"	"允許"	""	""
"th5000-cand-20260708-1150"	"PASS"	"目的"	""	""
"th5000-cand-20260708-1153"	"PASS"	"開花；萌芽"	""	""
"th5000-cand-20260708-1156"	"PASS"	"分類"	""	""
"th5000-cand-20260708-1159"	"PASS"	"活力"	""	""
"th5000-cand-20260708-1162"	"PASS"	"組織"	""	""
"th5000-cand-20260708-1165"	"PASS"	"阻塞"	""	""
"th5000-cand-20260708-1170"	"PASS"	"放"	""	""
"th5000-cand-20260708-1173"	"PASS"	"同意"	""	""
"th5000-cand-20260708-1176"	"PASS"	"幼苗"	""	""
"th5000-cand-20260708-1179"	"PASS"	"是正確的"	""	""
"th5000-cand-20260708-1184"	"PASS"	"結束；完結"	""	""
"th5000-cand-20260708-1188"	"PASS"	"比較"	""	""
"th5000-cand-20260708-1192"	"PASS"	"自然"	""	""
"th5000-cand-20260708-1195"	"PASS"	"支援"	""	""
"th5000-cand-20260708-1198"	"PASS"	"準確"	""	""
"th5000-cand-20260708-1201"	"PASS"	"卡片"	""	""
"th5000-cand-20260708-1204"	"PASS"	"射擊"	""	""
"th5000-cand-20260708-1207"	"PASS"	"文件"	""	""
"th5000-cand-20260708-1210"	"PASS"	"吸一口毒品或鴉片"	""	""
"th5000-cand-20260708-1213"	"PASS"	"享受"	""	""
"th5000-cand-20260708-1216"	"PASS"	"浮腫"
"th5000-cand-20260708-1219"	"PASS"	"值得"	""	""
"th5000-cand-20260708-1225"	"PASS"	"圓圈"	""	""
"th5000-cand-20260708-1229"	"PASS"	"考慮"	""	""
"th5000-cand-20260708-1232"	"PASS"	"父親"	""	""
"th5000-cand-20260708-1235"	"PASS"	"司法部"	""	""
"th5000-cand-20260708-1238"	"PASS"	"（商業）交易"	""	""
"th5000-cand-20260708-1242"	"PASS"	"取回"	""	""
"th5000-cand-20260708-1245"	"PASS"	"然後"	""	""
"th5000-cand-20260708-1248"	"PASS"	"雙子座"	""	""
"th5000-cand-20260708-1252"	"PASS"	"預約"	""	""
"th5000-cand-20260708-1255"	"PASS"	"系統地"	""	""
"th5000-cand-20260708-1258"	"PASS"	"莎草、菖蒲、蘭花、大麻及草本植物的總稱"	""	""
"th5000-cand-20260708-1263"	"PASS"	"一串香蕉"	""	""
"th5000-cand-20260708-1267"	"PASS"	"考慮"	""	""
"th5000-cand-20260708-1271"	"PASS"	"柚木"	""	""
"th5000-cand-20260708-1274"	"PASS"	"每個人"	""	""
"th5000-cand-20260708-1280"	"PASS"	"十萬"	""	""
"th5000-cand-20260708-1283"	"PASS"	"訴訟"	""	""
"th5000-cand-20260708-1286"	"PASS"	"桌子"	""	""
"th5000-cand-20260708-1290"	"PASS"	"代理人"	""	""
"th5000-cand-20260708-1293"	"PASS"	"洞察力"	""	""
"th5000-cand-20260708-1297"	"PASS"	"疑問助詞"	""	""
"th5000-cand-20260708-1300"	"PASS"	"感到痙攣"	""	""
"th5000-cand-20260708-1304"	"PASS"	"交換"	""	""
"th5000-cand-20260708-1307"	"PASS"	"轉過臉"	""	""
"th5000-cand-20260708-1310"	"PASS"	"開支"	""	""
"th5000-cand-20260708-1314"	"PASS"	"機巧；狡猾"	""	""
"th5000-cand-20260708-1318"	"PASS"	"可信"	""	""
"th5000-cand-20260708-1321"	"PASS"	"相機"	""	""
"th5000-cand-20260708-1324"	"PASS"	"值得"	""	""
"th5000-cand-20260708-1327"	"PASS"	"美德"	""	""
"th5000-cand-20260708-1331"	"PASS"	"網"	""	""
"th5000-cand-20260708-1334"	"PASS"	"物體；物質"	""	""
"th5000-cand-20260708-1337"	"PASS"	"顫動"	""	""
"th5000-cand-20260708-1342"	"PASS"	"價格"	""	""
"th5000-cand-20260708-1345"	"PASS"	"程序；步驟"	""	""
"th5000-cand-20260708-1348"	"PASS"	"證據"	""	""
"th5000-cand-20260708-1351"	"PASS"	"方便"	""	""
"th5000-cand-20260708-1355"	"PASS"	"統計數據；統計量"	""	""
"th5000-cand-20260708-1359"	"PASS"	"科學"	""	""
"th5000-cand-20260708-1362"	"PASS"	"顯而易見"	""	""
"th5000-cand-20260708-1366"	"PASS"	"個人"	""	""
"th5000-cand-20260708-1371"	"PASS"	"週一"	""	""
"th5000-cand-20260708-1375"	"PASS"	"擁有者"	""	""
"th5000-cand-20260708-1378"	"PASS"	"熊"	""	""
"th5000-cand-20260708-1382"	"PASS"	"區域網路"	""	""
"th5000-cand-20260708-1386"	"PASS"	"如何"	""	""
"th5000-cand-20260708-1389"	"PASS"	"過度地"	""	""
"th5000-cand-20260708-1393"	"PASS"	"繁榮"	""	""
"th5000-cand-20260708-1396"	"PASS"	"神話中的類人生物"	""	""
"th5000-cand-20260708-1399"	"PASS"	"危險"	""	""
"th5000-cand-20260708-1403"	"PASS"	"學術事項；技術事項"	""	""
"th5000-cand-20260708-1406"	"PASS"	"牛"	""	""
"th5000-cand-20260708-1411"	"PASS"	"馬努"	""	""
"th5000-cand-20260708-1415"	"PASS"	"年輕男子"	""	""
"th5000-cand-20260708-1420"	"PASS"	"指出；指向"	""	""
"th5000-cand-20260708-1424"	"PASS"	"棲息地"	""	""
"th5000-cand-20260708-1427"	"PASS"	"地球"	""	""
"th5000-cand-20260708-1430"	"PASS"	"腐爛"	""	""
"th5000-cand-20260708-1434"	"PASS"	"季節"
"th5000-cand-20260708-1437"	"PASS"	"訓練"	""	""
"th5000-cand-20260708-1440"	"PASS"	"因素"	""	""
"th5000-cand-20260708-1445"	"PASS"	"胸部"	""	""
"th5000-cand-20260708-1449"	"PASS"	"最後的"	""	""
"th5000-cand-20260708-1452"	"PASS"	"載入"	""	""
"th5000-cand-20260708-1457"	"PASS"	"成為第一"	""	""
"th5000-cand-20260708-1460"	"PASS"	"創新"	""	""
"th5000-cand-20260708-1464"	"PASS"	"技能"	""	""
"th5000-cand-20260708-1469"	"PASS"	"區域"	""	""
"th5000-cand-20260708-1472"	"PASS"	"學習"	""	""
"th5000-cand-20260708-1475"	"PASS"	"蜂擁；群聚"	""	""
"th5000-cand-20260708-1480"	"PASS"	"到處"	""	""
"th5000-cand-20260708-1484"	"PASS"	"菠菜"	""	""
"th5000-cand-20260708-1487"	"PASS"	"覆蓋"	""	""
"th5000-cand-20260708-1490"	"PASS"	"優點"	""	""
"th5000-cand-20260708-1495"	"PASS"	"天秤座"	""	""
"th5000-cand-20260708-1499"	"PASS"	"總統"	""	""
"th5000-cand-20260708-1502"	"PASS"	"海洋"	""	""
"th5000-cand-20260708-1507"	"PASS"	"按"	""	""
"th5000-cand-20260708-1510"	"PASS"	"調查"	""	""
"th5000-cand-20260708-1514"	"PASS"	"儀式"	""	""
"th5000-cand-20260708-1517"	"PASS"	"同意"	""	""
"th5000-cand-20260708-1520"	"PASS"	"色情片"	""	""
"th5000-cand-20260708-1524"	"PASS"	"計劃"	""	""
"th5000-cand-20260708-1530"	"PASS"	"公羊"	""	""
"th5000-cand-20260708-1535"	"PASS"	"模仿；抄錄"	""	""
"th5000-cand-20260708-1539"	"PASS"	"承認錯誤"	""	""
"th5000-cand-20260708-1542"	"PASS"	"結構"	""	""
"th5000-cand-20260708-1545"	"PASS"	"種類"	""	""
"th5000-cand-20260708-1548"	"PASS"	"任何事物"	""	""
"th5000-cand-20260708-1551"	"PASS"	"參加"	""	""
"th5000-cand-20260708-1554"	"PASS"	"粉末"	""	""
"th5000-cand-20260708-1559"	"PASS"	"忽略"	""	""
"th5000-cand-20260708-1562"	"PASS"	"違背"	""	""
"th5000-cand-20260708-1566"	"PASS"	"服務人員；協助者"	""	""
"th5000-cand-20260708-1569"	"PASS"	"大受歡迎"	""	""
"th5000-cand-20260708-1573"	"PASS"	"常"	""	""
"th5000-cand-20260708-1576"	"PASS"	"探測"	""	""
"th5000-cand-20260708-1579"	"PASS"	"群體；團塊"	""	""
"th5000-cand-20260708-1583"	"PASS"	"名聲"	""	""
"th5000-cand-20260708-1589"	"PASS"	"依賴於"	""	""
"th5000-cand-20260708-1596"	"PASS"	"商業"	""	""
"th5000-cand-20260708-1599"	"PASS"	"路線"	""	""
"th5000-cand-20260708-1602"	"PASS"	"金融的"	""	""
"th5000-cand-20260708-1605"	"PASS"	"贏"	""	""
"th5000-cand-20260708-1609"	"PASS"	"花環"	""	""
"th5000-cand-20260708-1614"	"PASS"	"隨時"	""	""
"th5000-cand-20260708-1617"	"PASS"	"負責"	""	""
"th5000-cand-20260708-1621"	"PASS"	"狀態"	""	""
"th5000-cand-20260708-1624"	"PASS"	"切"	""	""
"th5000-cand-20260708-1627"	"PASS"	"森林"	""	""
"th5000-cand-20260708-1630"	"PASS"	"車站"	""	""
"th5000-cand-20260708-1633"	"PASS"	"性別"	""	""
"th5000-cand-20260708-1636"	"PASS"	"工程"	""	""
"th5000-cand-20260708-1640"	"PASS"	"被視為"	""	""
"th5000-cand-20260708-1646"	"PASS"	"分期付款"	""	""
"th5000-cand-20260708-1650"	"PASS"	"迅速；很快"	""	""
"th5000-cand-20260708-1653"	"PASS"	"清除"	""	""
"th5000-cand-20260708-1656"	"PASS"	"拉緊"	""	""
"th5000-cand-20260708-1659"	"PASS"	"溝通"
"th5000-cand-20260708-1662"	"PASS"	"預留的；保留的"	""	""
"th5000-cand-20260708-1665"	"PASS"	"結果"	""	""
"th5000-cand-20260708-1669"	"PASS"	"血統"	""	""
"th5000-cand-20260708-1673"	"PASS"	"交易；做買賣"	""	""
"th5000-cand-20260708-1677"	"PASS"	"委員會"	""	""
"th5000-cand-20260708-1680"	"PASS"	"國家的"	""	""
"th5000-cand-20260708-1685"	"PASS"	"咒語"	""	""
"th5000-cand-20260708-1689"	"PASS"	"會議"	""	""
"th5000-cand-20260708-1692"	"PASS"	"密碼"	""	""
"th5000-cand-20260708-1695"	"PASS"	"回覆"	""	""
"th5000-cand-20260708-1698"	"PASS"	"軸"	""	""
"th5000-cand-20260708-1701"	"PASS"	"報答"	""	""
"th5000-cand-20260708-1704"	"PASS"	"聰明才智；智慧"	""	""
"th5000-cand-20260708-1709"	"PASS"	"總是"	""	""
"th5000-cand-20260708-1712"	"PASS"	"紗窗"	""	""
"th5000-cand-20260708-1718"	"PASS"	"興奮"	""	""
"th5000-cand-20260708-1721"	"PASS"	"中斷"	""	""
"th5000-cand-20260708-1725"	"PASS"	"命令"	""	""
"th5000-cand-20260708-1729"	"PASS"	"地區"	""	""
"th5000-cand-20260708-1733"	"PASS"	"世界一流"	""	""
"th5000-cand-20260708-1738"	"PASS"	"監視器"	""	""
"th5000-cand-20260708-1742"	"PASS"	"使用手冊；指南"	""	""
"th5000-cand-20260708-1745"	"PASS"	"很受歡迎"	""	""
"th5000-cand-20260708-1748"	"PASS"	"脾氣"	""	""
"th5000-cand-20260708-1751"	"PASS"	"提到"	""	""
"th5000-cand-20260708-1755"	"PASS"	"過去"	""	""
"th5000-cand-20260708-1759"	"PASS"	"趨勢"	""	""
"th5000-cand-20260708-1762"	"PASS"	"硬幣"	""	""
"th5000-cand-20260708-1765"	"PASS"	"嫩芽；新芽"	""	""
"th5000-cand-20260708-1768"	"PASS"	"類似"	""	""
"th5000-cand-20260708-1771"	"PASS"	"癥結"	""	""
"th5000-cand-20260708-1775"	"PASS"	"向後移動"	""	""
"th5000-cand-20260708-1779"	"PASS"	"經過"	""	""
"th5000-cand-20260708-1782"	"PASS"	"準確的"	""	""
"th5000-cand-20260708-1787"	"PASS"	"老式的"	""	""
"th5000-cand-20260708-1790"	"PASS"	"失去"	""	""
"th5000-cand-20260708-1793"	"PASS"	"化學"	""	""
"th5000-cand-20260708-1797"	"PASS"	"最上面的"	""	""
"th5000-cand-20260708-1800"	"PASS"	"負擔"	""	""
"th5000-cand-20260708-1803"	"PASS"	"某一部分"	""	""
"th5000-cand-20260708-1806"	"PASS"	"見面"	""	""
"th5000-cand-20260708-1809"	"PASS"	"用於事項、要點、種類、方式等的量詞"	""	""
"th5000-cand-20260708-1812"	"PASS"	"興趣"	""	""
"th5000-cand-20260708-1815"	"PASS"	"感覺"	""	""
"th5000-cand-20260708-1819"	"PASS"	"領導者"	""	""
"th5000-cand-20260708-1823"	"PASS"	"出現"	""	""
"th5000-cand-20260708-1826"	"PASS"	"不指定受供僧人的供僧食物"	""	""
"th5000-cand-20260708-1829"	"PASS"	"民眾"	""	""
"th5000-cand-20260708-1835"	"PASS"	"日常的"	""	""
"th5000-cand-20260708-1839"	"PASS"	"設計"	""	""
"th5000-cand-20260708-1842"	"PASS"	"然而"	""	""
"th5000-cand-20260708-1846"	"PASS"	"非常"	""	""
"th5000-cand-20260708-1849"	"PASS"	"保護（用水或油）"	""	""
"th5000-cand-20260708-1852"	"PASS"	"地位"	""	""
"th5000-cand-20260708-1855"	"PASS"	"名聲"	""	""
"th5000-cand-20260708-1859"	"PASS"	"蓋印；貼上"	""	""
"th5000-cand-20260708-1863"	"PASS"	"脖子"	""	""
"th5000-cand-20260708-1866"	"PASS"	"依賴於"	""	""
"th5000-cand-20260708-1869"	"PASS"	"複雜；棘手"	""	""
"th5000-cand-20260708-1873"	"PASS"	"考慮"
"th5000-cand-20260708-1876"	"PASS"	"歡樂"	""	""
"th5000-cand-20260708-1880"	"PASS"	"計算"	""	""
"th5000-cand-20260708-1883"	"PASS"	"穩定地"	""	""
"th5000-cand-20260708-1886"	"PASS"	"頂部"	""	""
"th5000-cand-20260708-1889"	"PASS"	"觀點"	""	""
"th5000-cand-20260708-1892"	"PASS"	"金子"	""	""
"th5000-cand-20260708-1898"	"PASS"	"力量"	""	""
"th5000-cand-20260708-1901"	"PASS"	"信仰"	""	""
"th5000-cand-20260708-1904"	"PASS"	"步"	""	""
"th5000-cand-20260708-1909"	"PASS"	"喜歡"	""	""
"th5000-cand-20260708-1913"	"PASS"	"被誤導"	""	""
"th5000-cand-20260708-1916"	"PASS"	"屍體"	""	""
"th5000-cand-20260708-1924"	"PASS"	"魅力"	""	""
"th5000-cand-20260708-1927"	"PASS"	"挑戰"	""	""
"th5000-cand-20260708-1930"	"PASS"	"第一的"	""	""
"th5000-cand-20260708-1933"	"PASS"	"家庭"	""	""
"th5000-cand-20260708-1936"	"PASS"	"使便利；使容易"	""	""
"th5000-cand-20260708-1939"	"PASS"	"學年"	""	""
"th5000-cand-20260708-1942"	"PASS"	"霍亂"	""	""
"th5000-cand-20260708-1945"	"PASS"	"執行"	""	""
"th5000-cand-20260708-1950"	"PASS"	"綁定"	""	""
"th5000-cand-20260708-1953"	"PASS"	"訊號"	""	""
"th5000-cand-20260708-1956"	"PASS"	"實驗"	""	""
"th5000-cand-20260708-1960"	"PASS"	"龍"	""	""
"th5000-cand-20260708-1963"	"PASS"	"市政府"	""	""
"th5000-cand-20260708-1966"	"PASS"	"盛開"	""	""
"th5000-cand-20260708-1969"	"PASS"	"部長"	""	""
"th5000-cand-20260708-1973"	"PASS"	"軍隊"	""	""
"th5000-cand-20260708-1977"	"PASS"	"乘"	""	""
"th5000-cand-20260708-1980"	"PASS"	"風俗"	""	""
"th5000-cand-20260708-1983"	"PASS"	"分散"	""	""
"th5000-cand-20260708-1986"	"PASS"	"有禮貌"	""	""
"th5000-cand-20260708-1989"	"PASS"	"變得更低"	""	""
"th5000-cand-20260708-1992"	"PASS"	"地圖"	""	""
"th5000-cand-20260708-1995"	"PASS"	"邪惡的事情"	""	""
"th5000-cand-20260708-1999"	"PASS"	"警察"	""	""
"th5000-cand-20260708-2002"	"PASS"	"規定"	""	""
"th5000-cand-20260708-2005"	"PASS"	"七星飛刀魚"	""	""
"th5000-cand-20260708-2009"	"PASS"	"味道；風味"	""	""
"th5000-cand-20260708-2012"	"PASS"	"選擇"	""	""
"th5000-cand-20260708-2015"	"PASS"	"奔馳；疾馳"	""	""
"th5000-cand-20260708-2018"	"PASS"	"報酬"	""	""
"th5000-cand-20260708-2021"	"PASS"	"坑"	""	""
"th5000-cand-20260708-2024"	"PASS"	"甚至"	""	""
"th5000-cand-20260708-2027"	"PASS"	"普通的"	""	""
"th5000-cand-20260708-2030"	"PASS"	"政治"	""	""
"th5000-cand-20260708-2033"	"PASS"	"方式"	""	""
"th5000-cand-20260708-2038"	"PASS"	"聯盟"	""	""
"th5000-cand-20260708-2041"	"PASS"	"策略"	""	""
"th5000-cand-20260708-2045"	"PASS"	"忍受"	""	""
"th5000-cand-20260708-2048"	"PASS"	"一起工作"	""	""
"th5000-cand-20260708-2051"	"PASS"	"裝飾流蘇"	""	""
"th5000-cand-20260708-2054"	"PASS"	"孔敬"	""	""
"th5000-cand-20260708-2057"	"PASS"	"符號"	""	""
"th5000-cand-20260708-2060"	"PASS"	"襠"	""	""
"th5000-cand-20260708-2064"	"PASS"	"有能力的"	""	""
"th5000-cand-20260708-2067"	"PASS"	"首都"	""	""
"th5000-cand-20260708-2072"	"PASS"	"但"	""	""
"th5000-cand-20260708-2075"	"PASS"	"前"	""	""
"th5000-cand-20260708-2078"	"PASS"	"愁苦的；扭曲的"
"th5000-cand-20260708-2082"	"PASS"	"延遲"	""	""
"th5000-cand-20260708-2085"	"PASS"	"時髦有型"	""	""
"th5000-cand-20260708-2089"	"PASS"	"厭倦"	""	""
"th5000-cand-20260708-2092"	"PASS"	"臨時抱佛腳準備考試"	""	""
"th5000-cand-20260708-2095"	"PASS"	"垃圾"	""	""
"th5000-cand-20260708-2098"	"PASS"	"幸運；有好運"	""	""
"th5000-cand-20260708-2101"	"PASS"	"派對"	""	""
"th5000-cand-20260708-2106"	"PASS"	"結束；終止"	""	""
"th5000-cand-20260708-2109"	"PASS"	"確定；有把握"	""	""
"th5000-cand-20260708-2113"	"PASS"	"慢慢地"	""	""
"th5000-cand-20260708-2117"	"PASS"	"鼠"	""	""
"th5000-cand-20260708-2120"	"PASS"	"地區；地方"	""	""
"th5000-cand-20260708-2124"	"PASS"	"應付"	""	""
"th5000-cand-20260708-2128"	"PASS"	"特權"	""	""
"th5000-cand-20260708-2131"	"PASS"	"小箱子"	""	""
"th5000-cand-20260708-2135"	"PASS"	"人群"	""	""
"th5000-cand-20260708-2138"	"PASS"	"趨勢"	""	""
"th5000-cand-20260708-2143"	"PASS"	"公共衛生部"	""	""
"th5000-cand-20260708-2146"	"PASS"	"電子學；電子設備"	""	""
"th5000-cand-20260708-2149"	"PASS"	"儲存；收藏"	""	""
"th5000-cand-20260708-2152"	"PASS"	"幸運數字"	""	""
"th5000-cand-20260708-2155"	"PASS"	"暹羅"	""	""
"th5000-cand-20260708-2160"	"PASS"	"立方"	""	""
"th5000-cand-20260708-2163"	"PASS"	"包含；由……組成"	""	""
"th5000-cand-20260708-2166"	"PASS"	"習慣"	""	""
"th5000-cand-20260708-2170"	"PASS"	"處於"	""	""
"th5000-cand-20260708-2175"	"PASS"	"假髮"	""	""
"th5000-cand-20260708-2178"	"PASS"	"波動"	""	""
"th5000-cand-20260708-2181"	"PASS"	"避免"	""	""
"th5000-cand-20260708-2184"	"PASS"	"觀點"	""	""
"th5000-cand-20260708-2187"	"PASS"	"商業"	""	""
"th5000-cand-20260708-2191"	"PASS"	"頌揚"	""	""
"th5000-cand-20260708-2195"	"PASS"	"是"	""	""
"th5000-cand-20260708-2198"	"PASS"	"乘"	""	""
"th5000-cand-20260708-2202"	"PASS"	"優先考慮"	""	""
"th5000-cand-20260708-2206"	"PASS"	"意義"	""	""
"th5000-cand-20260708-2209"	"PASS"	"廂型車"	""	""
"th5000-cand-20260708-2213"	"PASS"	"當然"	""	""
"th5000-cand-20260708-2216"	"PASS"	"明亮"	""	""
"th5000-cand-20260708-2219"	"PASS"	"灰色的"	""	""
"th5000-cand-20260708-2222"	"PASS"	"回答"	""	""
"th5000-cand-20260708-2225"	"PASS"	"讓路；避開"	""	""
"th5000-cand-20260708-2229"	"PASS"	"瑣碎的"	""	""
"th5000-cand-20260708-2234"	"PASS"	"方式"	""	""
"th5000-cand-20260708-2237"	"PASS"	"常"	""	""
"th5000-cand-20260708-2240"	"PASS"	"打"	""	""
"th5000-cand-20260708-2244"	"PASS"	"尼帕棕櫚"	""	""
"th5000-cand-20260708-2247"	"PASS"	"旅遊"	""	""
"th5000-cand-20260708-2250"	"PASS"	"劍"	""	""
"th5000-cand-20260708-2253"	"PASS"	"起源"	""	""
"th5000-cand-20260708-2256"	"PASS"	"身分"	""	""
"th5000-cand-20260708-2259"	"PASS"	"機器"	""	""
"th5000-cand-20260708-2262"	"PASS"	"中文；漢語"	""	""
"th5000-cand-20260708-2265"	"PASS"	"教授"	""	""
"th5000-cand-20260708-2268"	"PASS"	"觀點"	""	""
"th5000-cand-20260708-2271"	"PASS"	"應該"	""	""
"th5000-cand-20260708-2274"	"PASS"	"物質"	""	""
"th5000-cand-20260708-2277"	"PASS"	"罵"	""	""
"th5000-cand-20260708-2281"	"PASS"	"以下"	""	""
"th5000-cand-20260708-2284"	"PASS"	"明亮"
"th5000-cand-20260708-2287"	"PASS"	"籤；抽籤"	""	""
"th5000-cand-20260708-2291"	"PASS"	"涉水而行"	""	""
"th5000-cand-20260708-2294"	"PASS"	"電影明星"	""	""
"th5000-cand-20260708-2297"	"PASS"	"移動"	""	""
"th5000-cand-20260708-2300"	"PASS"	"閃耀"	""	""
"th5000-cand-20260708-2303"	"PASS"	"認真點"	""	""
"th5000-cand-20260708-2307"	"PASS"	"運輸"	""	""
"th5000-cand-20260708-2310"	"PASS"	"可靠的"	""	""
"th5000-cand-20260708-2313"	"PASS"	"樹幹"	""	""
"th5000-cand-20260708-2317"	"PASS"	"消費者"	""	""
"th5000-cand-20260708-2320"	"PASS"	"大刀"	""	""
"th5000-cand-20260708-2323"	"PASS"	"什麼時候"	""	""
"th5000-cand-20260708-2326"	"PASS"	"鋁"	""	""
"th5000-cand-20260708-2329"	"PASS"	"原則"	""	""
"th5000-cand-20260708-2332"	"PASS"	"比……更"	""	""
"th5000-cand-20260708-2335"	"PASS"	"警衛"	""	""
"th5000-cand-20260708-2338"	"PASS"	"抵抗"	""	""
"th5000-cand-20260708-2341"	"PASS"	"草本植物"	""	""
"th5000-cand-20260708-2344"	"PASS"	"信用"	""	""
"th5000-cand-20260708-2347"	"PASS"	"工作"	""	""
"th5000-cand-20260708-2350"	"PASS"	"成交"	""	""
"th5000-cand-20260708-2353"	"PASS"	"結尾"	""	""
"th5000-cand-20260708-2356"	"PASS"	"研究"	""	""
"th5000-cand-20260708-2359"	"PASS"	"場地"	""	""
"th5000-cand-20260708-2364"	"PASS"	"中性的"	""	""
"th5000-cand-20260708-2367"	"PASS"	"行為舉止"	""	""
"th5000-cand-20260708-2371"	"PASS"	"立即地"	""	""
"th5000-cand-20260708-2375"	"PASS"	"熱門"	""	""
"th5000-cand-20260708-2379"	"PASS"	"折回"	""	""
"th5000-cand-20260708-2383"	"PASS"	"每月"	""	""
"th5000-cand-20260708-2386"	"PASS"	"表現出色"	""	""
"th5000-cand-20260708-2389"	"PASS"	"保險"	""	""
"th5000-cand-20260708-2392"	"PASS"	"家具"	""	""
"th5000-cand-20260708-2397"	"PASS"	"價值"	""	""
"th5000-cand-20260708-2401"	"PASS"	"丟棄"	""	""
"th5000-cand-20260708-2406"	"PASS"	"鉤"	""	""
"th5000-cand-20260708-2409"	"PASS"	"接受"	""	""
"th5000-cand-20260708-2412"	"PASS"	"ๆ 代表的泰語書寫系統的重複符號"	""	""
"th5000-cand-20260708-2415"	"PASS"	"非常"	""	""
"th5000-cand-20260708-2418"	"PASS"	"呵叻"	""	""
"th5000-cand-20260708-2422"	"PASS"	"啜飲"	""	""
"th5000-cand-20260708-2427"	"PASS"	"堆積的穀物"	""	""
"th5000-cand-20260708-2430"	"PASS"	"花圈"	""	""
"th5000-cand-20260708-2433"	"PASS"	"與...一起"	""	""
"th5000-cand-20260708-2436"	"PASS"	"溢出"	""	""
"th5000-cand-20260708-2439"	"PASS"	"經典作品；經典"	""	""
"th5000-cand-20260708-2442"	"PASS"	"要精緻"	""	""
"th5000-cand-20260708-2446"	"PASS"	"避免"	""	""
"th5000-cand-20260708-2449"	"PASS"	"美元"	""	""
"th5000-cand-20260708-2452"	"PASS"	"培養；培育"	""	""
"th5000-cand-20260708-2455"	"PASS"	"搪瓷"	""	""
"th5000-cand-20260708-2458"	"PASS"	"損害"	""	""
"th5000-cand-20260708-2462"	"PASS"	"信封"	""	""
"th5000-cand-20260708-2465"	"PASS"	"幾乎"	""	""
"th5000-cand-20260708-2468"	"PASS"	"泰國歌曲名稱"	""	""
"th5000-cand-20260708-2471"	"PASS"	"錯誤"	""	""
"th5000-cand-20260708-2474"	"PASS"	"北欖府"	""	""
"th5000-cand-20260708-2477"	"PASS"	"足夠；充足"	""	""
"th5000-cand-20260708-2481"	"PASS"	"魔芋"	""	""
"th5000-cand-20260708-2484"	"PASS"	"疙瘩"
"th5000-cand-20260708-2487"	"PASS"	"好策略"	""	""
"th5000-cand-20260708-2491"	"PASS"	"有價值"	""	""
"th5000-cand-20260708-2494"	"PASS"	"折回"	""	""
"th5000-cand-20260708-2499"	"PASS"	"系統的"	""	""
"th5000-cand-20260708-2502"	"PASS"	"河內"	""	""
"th5000-cand-20260708-2505"	"PASS"	"有效"	""	""
"th5000-cand-20260708-2508"	"PASS"	"內部人士；內部成員"	""	""
"th5000-cand-20260708-2511"	"PASS"	"藝術家"	""	""
"th5000-cand-20260708-2514"	"PASS"	"發展"	""	""
"th5000-cand-20260708-2517"	"PASS"	"出口"	""	""
"th5000-cand-20260708-2520"	"PASS"	"遊客"	""	""
"th5000-cand-20260708-2524"	"PASS"	"駕駛"	""	""
"th5000-cand-20260708-2527"	"PASS"	"財富"	""	""
"th5000-cand-20260708-2532"	"PASS"	"輸入代碼"	""	""
"th5000-cand-20260708-2535"	"PASS"	"運輸；航運"	""	""
"th5000-cand-20260708-2538"	"PASS"	"演員"	""	""
"th5000-cand-20260708-2542"	"PASS"	"同意"	""	""
"th5000-cand-20260708-2545"	"PASS"	"轉移"	""	""
"th5000-cand-20260708-2549"	"PASS"	"有害；危險"	""	""
"th5000-cand-20260708-2553"	"PASS"	"洩漏"	""	""
"th5000-cand-20260708-2558"	"PASS"	"取消"	""	""
"th5000-cand-20260708-2561"	"PASS"	"後"	""	""
"th5000-cand-20260708-2565"	"PASS"	"習慣性地"	""	""
"th5000-cand-20260708-2568"	"PASS"	"味道濃郁"	""	""
"th5000-cand-20260708-2572"	"PASS"	"飛機"	""	""
"th5000-cand-20260708-2575"	"PASS"	"快速地"	""	""
"th5000-cand-20260708-2580"	"PASS"	"靈魂"	""	""
"th5000-cand-20260708-2583"	"PASS"	"攤位"	""	""
"th5000-cand-20260708-2586"	"PASS"	"提供"	""	""
"th5000-cand-20260708-2589"	"PASS"	"加強"	""	""
"th5000-cand-20260708-2592"	"PASS"	"整合"	""	""
"th5000-cand-20260708-2596"	"PASS"	"給予機會"	""	""
"th5000-cand-20260708-2599"	"PASS"	"星形風箏"	""	""
"th5000-cand-20260708-2602"	"PASS"	"鏡片"	""	""
"th5000-cand-20260708-2605"	"PASS"	"可整除"	""	""
"th5000-cand-20260708-2608"	"PASS"	"農民；農業工作者"	""	""
"th5000-cand-20260708-2611"	"PASS"	"駕駛"	""	""
"th5000-cand-20260708-2614"	"PASS"	"消失"	""	""
"th5000-cand-20260708-2617"	"PASS"	"冥想"	""	""
"th5000-cand-20260708-2621"	"PASS"	"角色"	""	""
"th5000-cand-20260708-2625"	"PASS"	"資訊"	""	""
"th5000-cand-20260708-2628"	"PASS"	"不動產"	""	""
"th5000-cand-20260708-2631"	"PASS"	"飛機"	""	""
"th5000-cand-20260708-2634"	"PASS"	"剩菜"	""	""
"th5000-cand-20260708-2637"	"PASS"	"美國"	""	""
"th5000-cand-20260708-2640"	"PASS"	"討價還價；議價"	""	""
"th5000-cand-20260708-2643"	"PASS"	"眼鏡"	""	""
"th5000-cand-20260708-2647"	"PASS"	"轄區"	""	""
"th5000-cand-20260708-2650"	"PASS"	"肉末（配蔬菜和辣椒）"	""	""
"th5000-cand-20260708-2653"	"PASS"	"百分比"	""	""
"th5000-cand-20260708-2656"	"PASS"	"限制"	""	""
"th5000-cand-20260708-2659"	"PASS"	"同時"	""	""
"th5000-cand-20260708-2662"	"PASS"	"依法"	""	""
"th5000-cand-20260708-2665"	"PASS"	"浪費時間"	""	""
"th5000-cand-20260708-2669"	"PASS"	"基金會"	""	""
"th5000-cand-20260708-2672"	"PASS"	"學士學位"	""	""
"th5000-cand-20260708-2675"	"PASS"	"硬度"	""	""
"th5000-cand-20260708-2678"	"PASS"	"顧問"	""	""
"th5000-cand-20260708-2682"	"PASS"	"尤其"	""	""
"th5000-cand-20260708-2685"	"PASS"	"真相"
"th5000-cand-20260708-2688"	"PASS"	"劈"	""	""
"th5000-cand-20260708-2692"	"PASS"	"宋卡府"	""	""
"th5000-cand-20260708-2695"	"PASS"	"鹿"	""	""
"th5000-cand-20260708-2700"	"PASS"	"發燒"	""	""
"th5000-cand-20260708-2705"	"PASS"	"預言"	""	""
"th5000-cand-20260708-2708"	"PASS"	"渴望；希望"	""	""
"th5000-cand-20260708-2713"	"PASS"	"居住"	""	""
"th5000-cand-20260708-2716"	"PASS"	"讓某人認識自己"	""	""
"th5000-cand-20260708-2719"	"PASS"	"達叻府"	""	""
"th5000-cand-20260708-2723"	"PASS"	"補償"	""	""
"th5000-cand-20260708-2726"	"PASS"	"緊急的"	""	""
"th5000-cand-20260708-2729"	"PASS"	"加入"	""	""
"th5000-cand-20260708-2732"	"PASS"	"吹牛"	""	""
"th5000-cand-20260708-2735"	"PASS"	"烤"	""	""
"th5000-cand-20260708-2738"	"PASS"	"海浪"	""	""
"th5000-cand-20260708-2742"	"PASS"	"模擬"	""	""
"th5000-cand-20260708-2745"	"PASS"	"分配；分攤"	""	""
"th5000-cand-20260708-2748"	"PASS"	"吃"	""	""
"th5000-cand-20260708-2752"	"PASS"	"運氣"	""	""
"th5000-cand-20260708-2755"	"PASS"	"熟悉"	""	""
"th5000-cand-20260708-2758"	"PASS"	"長者；老年人"	""	""
"th5000-cand-20260708-2761"	"PASS"	"成功"	""	""
"th5000-cand-20260708-2765"	"PASS"	"沼澤"	""	""
"th5000-cand-20260708-2769"	"PASS"	"溪"	""	""
"th5000-cand-20260708-2773"	"PASS"	"下來；下降"	""	""
"th5000-cand-20260708-2776"	"PASS"	"像；如同"	""	""
"th5000-cand-20260708-2779"	"PASS"	"準備"	""	""
"th5000-cand-20260708-2782"	"PASS"	"價值"	""	""
"th5000-cand-20260708-2785"	"PASS"	"載入"	""	""
"th5000-cand-20260708-2788"	"PASS"	"主教"	""	""
"th5000-cand-20260708-2791"	"PASS"	"漂亮；好看"	""	""
"th5000-cand-20260708-2795"	"PASS"	"鎮"	""	""
"th5000-cand-20260708-2798"	"PASS"	"肛門"	""	""
"th5000-cand-20260708-2801"	"PASS"	"成分"	""	""
"th5000-cand-20260708-2804"	"PASS"	"預訂；訂購"	""	""
"th5000-cand-20260708-2807"	"PASS"	"病毒"	""	""
"th5000-cand-20260708-2810"	"PASS"	"放鬆"	""	""
"th5000-cand-20260708-2814"	"PASS"	"靈感"	""	""
"th5000-cand-20260708-2817"	"PASS"	"原料"	""	""
"th5000-cand-20260708-2820"	"PASS"	"木星"	""	""
"th5000-cand-20260708-2824"	"PASS"	"反對"	""	""
"th5000-cand-20260708-2828"	"PASS"	"空洞的"	""	""
"th5000-cand-20260708-2832"	"PASS"	"常"	""	""
"th5000-cand-20260708-2835"	"PASS"	"常"	""	""
"th5000-cand-20260708-2840"	"PASS"	"一般來說"	""	""
"th5000-cand-20260708-2843"	"PASS"	"專業人士；行家"	""	""
"th5000-cand-20260708-2846"	"PASS"	"烈酒"	""	""
"th5000-cand-20260708-2850"	"PASS"	"自願；志願擔任"	""	""
"th5000-cand-20260708-2853"	"PASS"	"丟"	""	""
"th5000-cand-20260708-2856"	"PASS"	"迴轉"	""	""
"th5000-cand-20260708-2859"	"PASS"	"肩膀"	""	""
"th5000-cand-20260708-2862"	"PASS"	"條"	""	""
"th5000-cand-20260708-2867"	"PASS"	"採購"	""	""
"th5000-cand-20260708-2871"	"PASS"	"等待"	""	""
"th5000-cand-20260708-2874"	"PASS"	"埋葬"	""	""
"th5000-cand-20260708-2878"	"PASS"	"負擔"	""	""
"th5000-cand-20260708-2881"	"PASS"	"律師"	""	""
"th5000-cand-20260708-2884"	"PASS"	"壓力"	""	""
"th5000-cand-20260708-2887"	"PASS"	"現代的"	""	""
"th5000-cand-20260708-2891"	"PASS"	"領土"
"th5000-cand-20260708-2894"	"PASS"	"障礙"	""	""
"th5000-cand-20260708-2897"	"PASS"	"普通的"	""	""
"th5000-cand-20260708-2902"	"PASS"	"歸還；返回"	""	""
"th5000-cand-20260708-2906"	"PASS"	"面試"	""	""
"th5000-cand-20260708-2909"	"PASS"	"推動"	""	""
"th5000-cand-20260708-2912"	"PASS"	"拒絕；否認"	""	""
"th5000-cand-20260708-2915"	"PASS"	"平靜；安靜"	""	""
"th5000-cand-20260708-2918"	"PASS"	"泰國東北部的一種蘆葦口風琴"	""	""
"th5000-cand-20260708-2921"	"PASS"	"降價；打折"	""	""
"th5000-cand-20260708-2925"	"PASS"	"某物"	""	""
"th5000-cand-20260708-2928"	"PASS"	"停車場"	""	""
"th5000-cand-20260708-2931"	"PASS"	"抱怨"	""	""
"th5000-cand-20260708-2934"	"PASS"	"隸屬於……的；旗下的"	""	""
"th5000-cand-20260708-2937"	"PASS"	"聯絡詢問資訊"	""	""
"th5000-cand-20260708-2940"	"PASS"	"首都"	""	""
"th5000-cand-20260708-2944"	"PASS"	"門廊"	""	""
"th5000-cand-20260708-2947"	"PASS"	"受傷"	""	""
"th5000-cand-20260708-2950"	"PASS"	"劍"	""	""
"th5000-cand-20260708-2953"	"PASS"	"在……情況下；萬一"	""	""
"th5000-cand-20260708-2956"	"PASS"	"變老"	""	""
"th5000-cand-20260708-2959"	"PASS"	"用勁"	""	""
"th5000-cand-20260708-2962"	"PASS"	"滿足感；滿意"	""	""
"th5000-cand-20260708-2966"	"PASS"	"避免"	""	""
"th5000-cand-20260708-2970"	"PASS"	"大使"	""	""
"th5000-cand-20260708-2973"	"PASS"	"容易理解"	""	""
"th5000-cand-20260708-2976"	"PASS"	"公園"	""	""
"th5000-cand-20260708-2981"	"PASS"	"熟識；親近"	""	""
"th5000-cand-20260708-2984"	"PASS"	"小貨車；皮卡車"	""	""
"th5000-cand-20260708-2987"	"PASS"	"流動"	""	""
"th5000-cand-20260708-2991"	"PASS"	"數學"	""	""
"th5000-cand-20260708-2994"	"PASS"	"如實地"	""	""
"th5000-cand-20260708-2998"	"PASS"	"設陷阱捕捉"	""	""
"th5000-cand-20260708-3001"	"PASS"	"改變"	""	""
"th5000-cand-20260708-3004"	"PASS"	"初等的；小學的"	""	""
"th5000-cand-20260708-3008"	"PASS"	"訂金"	""	""
"th5000-cand-20260708-3011"	"PASS"	"標準化"	""	""
"th5000-cand-20260708-3015"	"PASS"	"預料"	""	""
"th5000-cand-20260708-3019"	"PASS"	"贏"	""	""
"th5000-cand-20260708-3022"	"PASS"	"因為"	""	""
"th5000-cand-20260708-3025"	"PASS"	"鞍"	""	""
"th5000-cand-20260708-3029"	"PASS"	"惡化"	""	""
"th5000-cand-20260708-3032"	"PASS"	"一切"	""	""
"th5000-cand-20260708-3035"	"PASS"	"設立；成立"	""	""
"th5000-cand-20260708-3038"	"PASS"	"美麗；優美"	""	""
"th5000-cand-20260708-3041"	"PASS"	"一般來說"	""	""
"th5000-cand-20260708-3044"	"PASS"	"轉動"	""	""
"th5000-cand-20260708-3047"	"PASS"	"地毯"	""	""
"th5000-cand-20260708-3050"	"PASS"	"盾"	""	""
"th5000-cand-20260708-3055"	"PASS"	"月經；經期"	""	""
"th5000-cand-20260708-3058"	"PASS"	"按下"	""	""
"th5000-cand-20260708-3062"	"PASS"	"辦案"	""	""
"th5000-cand-20260708-3065"	"PASS"	"領導者"	""	""
"th5000-cand-20260708-3068"	"PASS"	"隨附；附上"	""	""
"th5000-cand-20260708-3071"	"PASS"	"看來；似乎"	""	""
"th5000-cand-20260708-3074"	"PASS"	"專輯"	""	""
"th5000-cand-20260708-3078"	"PASS"	"鑰匙"	""	""
"th5000-cand-20260708-3081"	"PASS"	"單字"	""	""
"th5000-cand-20260708-3084"	"PASS"	"撲克"	""	""
"th5000-cand-20260708-3087"	"PASS"	"思考"	""	""
"th5000-cand-20260708-3090"	"PASS"	"行善積德"
"th5000-cand-20260708-3093"	"PASS"	"修剪"	""	""
"th5000-cand-20260708-3097"	"PASS"	"緊張；憂慮"	""	""
"th5000-cand-20260708-3101"	"PASS"	"一種頭飾的名稱"	""	""
"th5000-cand-20260708-3104"	"PASS"	"珠寶"	""	""
"th5000-cand-20260708-3108"	"PASS"	"提取"	""	""
"th5000-cand-20260708-3111"	"PASS"	"咖啡館；咖啡廳"	""	""
"th5000-cand-20260708-3117"	"PASS"	"自吹自擂；自我吹捧"	""	""
"th5000-cand-20260708-3120"	"PASS"	"藝術"	""	""
"th5000-cand-20260708-3124"	"PASS"	"佛曆"	""	""
"th5000-cand-20260708-3129"	"PASS"	"持批評態度"	""	""
"th5000-cand-20260708-3133"	"PASS"	"喜好；偏愛"	""	""
"th5000-cand-20260708-3137"	"PASS"	"蹣跚"	""	""
"th5000-cand-20260708-3140"	"PASS"	"辦公室"	""	""
"th5000-cand-20260708-3143"	"PASS"	"關稅"	""	""
"th5000-cand-20260708-3146"	"PASS"	"天氣"	""	""
"th5000-cand-20260708-3149"	"PASS"	"每個人"	""	""
"th5000-cand-20260708-3152"	"PASS"	"彎曲"	""	""
"th5000-cand-20260708-3155"	"PASS"	"三個月"	""	""
"th5000-cand-20260708-3158"	"PASS"	"簇絨"	""	""
"th5000-cand-20260708-3163"	"PASS"	"醫療的"	""	""
"th5000-cand-20260708-3166"	"PASS"	"氣體"	""	""
"th5000-cand-20260708-3169"	"PASS"	"奪冠；贏得冠軍"	""	""
"th5000-cand-20260708-3172"	"PASS"	"粗糙的"	""	""
"th5000-cand-20260708-3175"	"PASS"	"出價"	""	""
"th5000-cand-20260708-3178"	"PASS"	"真品；正品"	""	""
"th5000-cand-20260708-3182"	"PASS"	"火炬"	""	""
"th5000-cand-20260708-3185"	"PASS"	"組成部分；成分"	""	""
"th5000-cand-20260708-3188"	"PASS"	"就……而言；儘可能"	""	""
"th5000-cand-20260708-3191"	"PASS"	"讓我們"	""	""
"th5000-cand-20260708-3195"	"PASS"	"獨輪車"	""	""
"th5000-cand-20260708-3198"	"PASS"	"僧侶"	""	""
"th5000-cand-20260708-3201"	"PASS"	"優惠券"	""	""
"th5000-cand-20260708-3204"	"PASS"	"新加坡"	""	""
"th5000-cand-20260708-3207"	"PASS"	"郵政"	""	""
"th5000-cand-20260708-3210"	"PASS"	"吸引力；引人注意之處"	""	""
"th5000-cand-20260708-3213"	"PASS"	"希望"	""	""
"th5000-cand-20260708-3218"	"PASS"	"瞄準"	""	""
"th5000-cand-20260708-3221"	"PASS"	"照片"	""	""
"th5000-cand-20260708-3225"	"PASS"	"容量"	""	""
"th5000-cand-20260708-3228"	"PASS"	"子宮"	""	""
"th5000-cand-20260708-3231"	"PASS"	"方式"	""	""
"th5000-cand-20260708-3234"	"PASS"	"考慮"	""	""
"th5000-cand-20260708-3238"	"PASS"	"表面"	""	""
"th5000-cand-20260708-3241"	"PASS"	"青睞"	""	""
"th5000-cand-20260708-3245"	"PASS"	"紀律"	""	""
"th5000-cand-20260708-3248"	"PASS"	"瓦解"	""	""
"th5000-cand-20260708-3255"	"PASS"	"找人"	""	""
"th5000-cand-20260708-3259"	"PASS"	"百萬富翁"	""	""
"th5000-cand-20260708-3262"	"PASS"	"彭世洛"	""	""
"th5000-cand-20260708-3265"	"PASS"	"淹沒；使氾濫"	""	""
"th5000-cand-20260708-3268"	"PASS"	"具有"	""	""
"th5000-cand-20260708-3271"	"PASS"	"乳白色的；米白色的"	""	""
"th5000-cand-20260708-3274"	"PASS"	"金屬絲"	""	""
"th5000-cand-20260708-3277"	"PASS"	"即使"	""	""
"th5000-cand-20260708-3280"	"PASS"	"投票"	""	""
"th5000-cand-20260708-3284"	"PASS"	"軟墊"	""	""
"th5000-cand-20260708-3287"	"PASS"	"反應"	""	""
"th5000-cand-20260708-3290"	"PASS"	"葡萄酒"	""	""
"th5000-cand-20260708-3293"	"PASS"	"前來拜訪；來找"	""	""
"th5000-cand-20260708-3296"	"PASS"	"排練"
"th5000-cand-20260708-3300"	"PASS"	"一……就……"	""	""
"th5000-cand-20260708-3303"	"PASS"	"屹立"	""	""
"th5000-cand-20260708-3306"	"PASS"	"黏；有黏性"	""	""
"th5000-cand-20260708-3309"	"PASS"	"秘密"	""	""
"th5000-cand-20260708-3312"	"PASS"	"行為"	""	""
"th5000-cand-20260708-3316"	"PASS"	"條"	""	""
"th5000-cand-20260708-3319"	"PASS"	"準確性"	""	""
"th5000-cand-20260708-3323"	"PASS"	"專注；禪定"	""	""
"th5000-cand-20260708-3327"	"PASS"	"無線的"	""	""
"th5000-cand-20260708-3330"	"PASS"	"產品"	""	""
"th5000-cand-20260708-3333"	"PASS"	"投資"	""	""
"th5000-cand-20260708-3337"	"PASS"	"壓制"	""	""
"th5000-cand-20260708-3340"	"PASS"	"優點"	""	""
"th5000-cand-20260708-3343"	"PASS"	"維持"	""	""
"th5000-cand-20260708-3346"	"PASS"	"轉向"	""	""
"th5000-cand-20260708-3349"	"PASS"	"保留版權"	""	""
"th5000-cand-20260708-3353"	"PASS"	"感到自豪"	""	""
"th5000-cand-20260708-3356"	"PASS"	"防曬"	""	""
"th5000-cand-20260708-3359"	"PASS"	"申請人"	""	""
"th5000-cand-20260708-3363"	"PASS"	"每次"	""	""
"th5000-cand-20260708-3367"	"PASS"	"也可以"	""	""
"th5000-cand-20260708-3370"	"PASS"	"同時"	""	""
"th5000-cand-20260708-3373"	"PASS"	"神清氣爽；精神煥發"	""	""
"th5000-cand-20260708-3376"	"PASS"	"槊"	""	""
"th5000-cand-20260708-3379"	"PASS"	"取回"	""	""
"th5000-cand-20260708-3382"	"PASS"	"來回"	""	""
"th5000-cand-20260708-3385"	"PASS"	"背面"	""	""
"th5000-cand-20260708-3388"	"PASS"	"血統"	""	""
"th5000-cand-20260708-3392"	"PASS"	"香港"	""	""
"th5000-cand-20260708-3395"	"PASS"	"博物館"	""	""
"th5000-cand-20260708-3398"	"PASS"	"燃燒；燒焦"	""	""
"th5000-cand-20260708-3401"	"PASS"	"充裕地；大量地"	""	""
"th5000-cand-20260708-3404"	"PASS"	"標記"	""	""
"th5000-cand-20260708-3407"	"PASS"	"有名"	""	""
"th5000-cand-20260708-3410"	"PASS"	"性的"	""	""
"th5000-cand-20260708-3413"	"PASS"	"最低限度"	""	""
"th5000-cand-20260708-3416"	"PASS"	"簽名"	""	""
"th5000-cand-20260708-3419"	"PASS"	"停止"	""	""
"th5000-cand-20260708-3422"	"PASS"	"知道"	""	""
"th5000-cand-20260708-3425"	"PASS"	"素叻他尼"	""	""
"th5000-cand-20260708-3428"	"PASS"	"獎品；獎項"	""	""
"th5000-cand-20260708-3431"	"PASS"	"當心"	""	""
"th5000-cand-20260708-3434"	"PASS"	"分支"	""	""
"th5000-cand-20260708-3437"	"PASS"	"有價值"	""	""
"th5000-cand-20260708-3441"	"PASS"	"概要"	""	""
"th5000-cand-20260708-3444"	"PASS"	"人口"	""	""
"th5000-cand-20260708-3447"	"PASS"	"生下；生產"	""	""
"th5000-cand-20260708-3450"	"PASS"	"適合度；適切性"	""	""
"th5000-cand-20260708-3453"	"PASS"	"壓力；緊張"	""	""
"th5000-cand-20260708-3456"	"PASS"	"通風"	""	""
"th5000-cand-20260708-3460"	"PASS"	"榕樹"	""	""
"th5000-cand-20260708-3463"	"PASS"	"香味"	""	""
"th5000-cand-20260708-3466"	"PASS"	"底部"	""	""
"th5000-cand-20260708-3469"	"PASS"	"談判"	""	""
"th5000-cand-20260708-3472"	"PASS"	"小心點"	""	""
"th5000-cand-20260708-3476"	"PASS"	"美德"	""	""
"th5000-cand-20260708-3479"	"PASS"	"記者"	""	""
"th5000-cand-20260708-3482"	"PASS"	"堡壘"	""	""
"th5000-cand-20260708-3485"	"PASS"	"隊伍；行列"	""	""
"th5000-cand-20260708-3488"	"PASS"	"所以"
"th5000-cand-20260708-3491"	"PASS"	"南部"	""	""
"th5000-cand-20260708-3495"	"PASS"	"導致；引起"	""	""
"th5000-cand-20260708-3499"	"PASS"	"邊界"	""	""
"th5000-cand-20260708-3502"	"PASS"	"蟋蟀的一種"	""	""
"th5000-cand-20260708-3505"	"PASS"	"帶領"	""	""
"th5000-cand-20260708-3508"	"PASS"	"裹"	""	""
"th5000-cand-20260708-3511"	"PASS"	"保佑"	""	""
"th5000-cand-20260708-3514"	"PASS"	"謎"	""	""
"th5000-cand-20260708-3517"	"PASS"	"雜誌"	""	""
"th5000-cand-20260708-3520"	"PASS"	"缺點；不利之處"	""	""
"th5000-cand-20260708-3523"	"PASS"	"使用者"	""	""
"th5000-cand-20260708-3527"	"PASS"	"作業系統"	""	""
"th5000-cand-20260708-3530"	"PASS"	"航空公司"	""	""
"th5000-cand-20260708-3534"	"PASS"	"交通警察"	""	""
"th5000-cand-20260708-3537"	"PASS"	"象牙"	""	""
"th5000-cand-20260708-3540"	"PASS"	"用過的"	""	""
"th5000-cand-20260708-3543"	"PASS"	"北部"	""	""
"th5000-cand-20260708-3546"	"PASS"	"沒有"	""	""
"th5000-cand-20260708-3550"	"PASS"	"膠帶；錄音帶"	""	""
"th5000-cand-20260708-3553"	"PASS"	"堵塞；壅塞"	""	""
"th5000-cand-20260708-3557"	"PASS"	"廉價"	""	""
"th5000-cand-20260708-3560"	"PASS"	"國際層級；國際水準"	""	""
"th5000-cand-20260708-3564"	"PASS"	"活動；運動"	""	""
"th5000-cand-20260708-3567"	"PASS"	"（發霉的）氣味"	""	""
"th5000-cand-20260708-3570"	"PASS"	"涉及"	""	""
"th5000-cand-20260708-3575"	"PASS"	"滑雪板"	""	""
"th5000-cand-20260708-3579"	"PASS"	"命運"	""	""
"th5000-cand-20260708-3582"	"PASS"	"話語；談話"	""	""
"th5000-cand-20260708-3585"	"PASS"	"減少"	""	""
"th5000-cand-20260708-3588"	"PASS"	"密封；封住"	""	""
"th5000-cand-20260708-3591"	"PASS"	"建議"	""	""
"th5000-cand-20260708-3596"	"PASS"	"放縱"	""	""
"th5000-cand-20260708-3599"	"PASS"	"求"	""	""
"th5000-cand-20260708-3603"	"PASS"	"監獄"	""	""
"th5000-cand-20260708-3606"	"PASS"	"學生"	""	""
"th5000-cand-20260708-3609"	"PASS"	"家長"	""	""
"th5000-cand-20260708-3612"	"PASS"	"嚴格"	""	""
"th5000-cand-20260708-3615"	"PASS"	"猜測"	""	""
"th5000-cand-20260708-3618"	"PASS"	"赦免"	""	""
"th5000-cand-20260708-3621"	"PASS"	"運動員"	""	""
"th5000-cand-20260708-3625"	"PASS"	"福利"	""	""
"th5000-cand-20260708-3628"	"PASS"	"憲章"	""	""
"th5000-cand-20260708-3631"	"PASS"	"懷孕"	""	""
"th5000-cand-20260708-3634"	"PASS"	"犯罪"	""	""
"th5000-cand-20260708-3637"	"PASS"	"蓋房子"	""	""
"th5000-cand-20260708-3640"	"PASS"	"想像"	""	""
"th5000-cand-20260708-3643"	"PASS"	"火腿"	""	""
"th5000-cand-20260708-3646"	"PASS"	"簸揚；篩分"	""	""
"th5000-cand-20260708-3649"	"PASS"	"多重的；多種的"	""	""
"th5000-cand-20260708-3653"	"PASS"	"外貌"	""	""
"th5000-cand-20260708-3656"	"PASS"	"形狀"	""	""
"th5000-cand-20260708-3659"	"PASS"	"工藝"	""	""
"th5000-cand-20260708-3662"	"PASS"	"目的"	""	""
"th5000-cand-20260708-3665"	"PASS"	"抵抗"	""	""
"th5000-cand-20260708-3668"	"PASS"	"頻率"	""	""
"th5000-cand-20260708-3671"	"PASS"	"省長；地方首長"	""	""
"th5000-cand-20260708-3675"	"PASS"	"排"	""	""
"th5000-cand-20260708-3678"	"PASS"	"校園"	""	""
"th5000-cand-20260708-3681"	"PASS"	"片"	""	""
"th5000-cand-20260708-3685"	"PASS"	"果斷"
"th5000-cand-20260708-3688"	"PASS"	"油性"	""	""
"th5000-cand-20260708-3691"	"PASS"	"常規"	""	""
"th5000-cand-20260708-3694"	"PASS"	"戀人；情人"	""	""
"th5000-cand-20260708-3697"	"PASS"	"開支"	""	""
"th5000-cand-20260708-3701"	"PASS"	"可口的"	""	""
"th5000-cand-20260708-3704"	"PASS"	"墊"	""	""
"th5000-cand-20260708-3707"	"PASS"	"機器人"	""	""
"th5000-cand-20260708-3710"	"PASS"	"中介者；中間人"	""	""
"th5000-cand-20260708-3713"	"PASS"	"記起"	""	""
"th5000-cand-20260708-3716"	"PASS"	"食物"	""	""
"th5000-cand-20260708-3720"	"PASS"	"作為"	""	""
"th5000-cand-20260708-3723"	"PASS"	"耐用性"	""	""
"th5000-cand-20260708-3727"	"PASS"	"技術的"	""	""
"th5000-cand-20260708-3731"	"PASS"	"重要的工作"	""	""
"th5000-cand-20260708-3734"	"PASS"	"暗示"	""	""
"th5000-cand-20260708-3737"	"PASS"	"合成"	""	""
"th5000-cand-20260708-3740"	"PASS"	"生活品質"	""	""
"th5000-cand-20260708-3743"	"PASS"	"多用途"	""	""
"th5000-cand-20260708-3746"	"PASS"	"骨髓"	""	""
"th5000-cand-20260708-3749"	"PASS"	"河灣；彎曲處"	""	""
"th5000-cand-20260708-3752"	"PASS"	"憲法"	""	""
"th5000-cand-20260708-3757"	"PASS"	"作者"	""	""
"th5000-cand-20260708-3760"	"PASS"	"用力拉"	""	""
"th5000-cand-20260708-3763"	"PASS"	"感到驚訝"	""	""
"th5000-cand-20260708-3766"	"PASS"	"認真；嚴肅"	""	""
"th5000-cand-20260708-3769"	"PASS"	"飛快地；迅速地"	""	""
"th5000-cand-20260708-3772"	"PASS"	"冒險"	""	""
"th5000-cand-20260708-3775"	"PASS"	"重複"	""	""
"th5000-cand-20260708-3778"	"PASS"	"血"	""	""
"th5000-cand-20260708-3781"	"PASS"	"洪水"	""	""
"th5000-cand-20260708-3784"	"PASS"	"起點"	""	""
"th5000-cand-20260708-3787"	"PASS"	"開朗；快活"	""	""
"th5000-cand-20260708-3793"	"PASS"	"然後"	""	""
"th5000-cand-20260708-3796"	"PASS"	"春蓬"	""	""
"th5000-cand-20260708-3799"	"PASS"	"殼"	""	""
"th5000-cand-20260708-3803"	"PASS"	"那空那育"	""	""
"th5000-cand-20260708-3806"	"PASS"	"進入；接近"	""	""
"th5000-cand-20260708-3809"	"PASS"	"家裡的人"	""	""
"th5000-cand-20260708-3812"	"PASS"	"進步"	""	""
"th5000-cand-20260708-3815"	"PASS"	"素攀武里府"	""	""
"th5000-cand-20260708-3819"	"PASS"	"基督"	""	""
"th5000-cand-20260708-3822"	"PASS"	"銷售價格"	""	""
"th5000-cand-20260708-3825"	"PASS"	"悅耳；甜美"	""	""
"th5000-cand-20260708-3828"	"PASS"	"統治；治理"	""	""
"th5000-cand-20260708-3831"	"PASS"	"狀態"	""	""
"th5000-cand-20260708-3834"	"PASS"	"整體運作"	""	""
"th5000-cand-20260708-3838"	"PASS"	"購物中心"	""	""
"th5000-cand-20260708-3841"	"PASS"	"碩士學位"	""	""
"th5000-cand-20260708-3845"	"PASS"	"被告"	""	""
"th5000-cand-20260708-3848"	"PASS"	"例如"	""	""
"th5000-cand-20260708-3851"	"PASS"	"一流的；頂級的"	""	""
"th5000-cand-20260708-3854"	"PASS"	"協調"	""	""
"th5000-cand-20260708-3858"	"PASS"	"即使"	""	""
"th5000-cand-20260708-3861"	"PASS"	"泰拳"	""	""
"th5000-cand-20260708-3864"	"PASS"	"征服"	""	""
"th5000-cand-20260708-3868"	"PASS"	"長柄傘"	""	""
"th5000-cand-20260708-3871"	"PASS"	"命令"	""	""
"th5000-cand-20260708-3875"	"PASS"	"棺材"	""	""
"th5000-cand-20260708-3878"	"PASS"	"穩定"	""	""
"th5000-cand-20260708-3881"	"PASS"	"竹編攔魚柵"
"th5000-cand-20260708-3884"	"PASS"	"配對；搭配"	""	""
"th5000-cand-20260708-3887"	"PASS"	"樂趣"	""	""
"th5000-cand-20260708-3890"	"PASS"	"安撫；使平靜"	""	""
"th5000-cand-20260708-3893"	"PASS"	"存入帳戶；入帳"	""	""
"th5000-cand-20260708-3900"	"PASS"	"化合物"	""	""
"th5000-cand-20260708-3903"	"PASS"	"為什麼"	""	""
"th5000-cand-20260708-3906"	"PASS"	"各種各樣的"	""	""
"th5000-cand-20260708-3910"	"PASS"	"小洞"	""	""
"th5000-cand-20260708-3913"	"PASS"	"斷斷續續地"	""	""
"th5000-cand-20260708-3916"	"PASS"	"結論"	""	""
"th5000-cand-20260708-3919"	"PASS"	"失去"	""	""
"th5000-cand-20260708-3922"	"PASS"	"學術的"	""	""
"th5000-cand-20260708-3925"	"PASS"	"總計"	""	""
"th5000-cand-20260708-3928"	"PASS"	"粒子"	""	""
"th5000-cand-20260708-3932"	"PASS"	"上下擺動臀部"	""	""
"th5000-cand-20260708-3936"	"PASS"	"好處；益處"	""	""
"th5000-cand-20260708-3939"	"PASS"	"脫臼"	""	""
"th5000-cand-20260708-3942"	"PASS"	"事實"	""	""
"th5000-cand-20260708-3946"	"PASS"	"憂鬱"	""	""
"th5000-cand-20260708-3949"	"PASS"	"監督"	""	""
"th5000-cand-20260708-3952"	"PASS"	"忠於"	""	""
"th5000-cand-20260708-3955"	"PASS"	"總結"	""	""
"th5000-cand-20260708-3958"	"PASS"	"圓圈"	""	""
"th5000-cand-20260708-3961"	"PASS"	"中國寶塔"	""	""
"th5000-cand-20260708-3964"	"PASS"	"打"	""	""
"th5000-cand-20260708-3967"	"PASS"	"另外"	""	""
"th5000-cand-20260708-3972"	"PASS"	"利率"	""	""
"th5000-cand-20260708-3975"	"PASS"	"到期"	""	""
"th5000-cand-20260708-3979"	"PASS"	"測量儀器；計量表"	""	""
"th5000-cand-20260708-3982"	"PASS"	"恭喜"	""	""
"th5000-cand-20260708-3985"	"PASS"	"屈服"	""	""
"th5000-cand-20260708-3988"	"PASS"	"寫作"	""	""
"th5000-cand-20260708-3991"	"PASS"	"副教授"	""	""
"th5000-cand-20260708-3995"	"PASS"	"俱樂部"	""	""
"th5000-cand-20260708-3998"	"PASS"	"電器"	""	""
"th5000-cand-20260708-4001"	"PASS"	"瀝青"	""	""
"th5000-cand-20260708-4005"	"PASS"	"沙功那空"	""	""
"th5000-cand-20260708-4009"	"PASS"	"令人印象深刻"	""	""
"th5000-cand-20260708-4012"	"PASS"	"我"	""	""
"th5000-cand-20260708-4015"	"PASS"	"黃銅"	""	""
"th5000-cand-20260708-4018"	"PASS"	"作弊"	""	""
"th5000-cand-20260708-4021"	"PASS"	"和平"	""	""
"th5000-cand-20260708-4024"	"PASS"	"看穿某人的詭計"	""	""
"th5000-cand-20260708-4028"	"PASS"	"燃料"	""	""
"th5000-cand-20260708-4031"	"PASS"	"辣椒醬"	""	""
"th5000-cand-20260708-4034"	"PASS"	"去年"	""	""
"th5000-cand-20260708-4037"	"PASS"	"行事；表現"	""	""
"th5000-cand-20260708-4040"	"PASS"	"生氣"	""	""
"th5000-cand-20260708-4043"	"PASS"	"給一個機會"	""	""
"th5000-cand-20260708-4047"	"PASS"	"東南"	""	""
"th5000-cand-20260708-4051"	"PASS"	"籃子"	""	""
"th5000-cand-20260708-4054"	"PASS"	"規格"	""	""
"th5000-cand-20260708-4058"	"PASS"	"天花板"	""	""
"th5000-cand-20260708-4061"	"PASS"	"適度地"	""	""
"th5000-cand-20260708-4064"	"PASS"	"附加價值"	""	""
"th5000-cand-20260708-4067"	"PASS"	"工作"	""	""
"th5000-cand-20260708-4070"	"PASS"	"嬰兒"	""	""
"th5000-cand-20260708-4073"	"PASS"	"世紀"	""	""
"th5000-cand-20260708-4076"	"PASS"	"身體的"	""	""
"th5000-cand-20260708-4080"	"PASS"	"小貨車；皮卡車"
"th5000-cand-20260708-4084"	"PASS"	"投擲；拋"	""	""
"th5000-cand-20260708-4087"	"PASS"	"皺紋"	""	""
"th5000-cand-20260708-4092"	"PASS"	"方式"	""	""
"th5000-cand-20260708-4095"	"PASS"	"競賽"	""	""
"th5000-cand-20260708-4098"	"PASS"	"股"	""	""
"th5000-cand-20260708-4102"	"PASS"	"壞；邪惡"	""	""
"th5000-cand-20260708-4105"	"PASS"	"車輛"	""	""
"th5000-cand-20260708-4108"	"PASS"	"開店"	""	""
"th5000-cand-20260708-4111"	"PASS"	"專家"	""	""
"th5000-cand-20260708-4115"	"PASS"	"零星地"	""	""
"th5000-cand-20260708-4118"	"PASS"	"火花"	""	""
"th5000-cand-20260708-4121"	"PASS"	"黎逸府"	""	""
"th5000-cand-20260708-4124"	"PASS"	"報紙"	""	""
"th5000-cand-20260708-4128"	"PASS"	"力量"	""	""
"th5000-cand-20260708-4131"	"PASS"	"本質"	""	""
"th5000-cand-20260708-4134"	"PASS"	"重點"	""	""
"th5000-cand-20260708-4137"	"PASS"	"卓越的；傑出的"	""	""
"th5000-cand-20260708-4140"	"PASS"	"驅逐"	""	""
"th5000-cand-20260708-4144"	"PASS"	"戰場"	""	""
"th5000-cand-20260708-4148"	"PASS"	"代理人"	""	""
"th5000-cand-20260708-4151"	"PASS"	"經紀人"	""	""
"th5000-cand-20260708-4154"	"PASS"	"今後"	""	""
"th5000-cand-20260708-4157"	"PASS"	"衝突"	""	""
"th5000-cand-20260708-4160"	"PASS"	"每當"	""	""
"th5000-cand-20260708-4163"	"PASS"	"碧差汶"	""	""
"th5000-cand-20260708-4166"	"PASS"	"標註日期"	""	""
"th5000-cand-20260708-4169"	"PASS"	"波動"	""	""
"th5000-cand-20260708-4172"	"PASS"	"以……為目標"	""	""
"th5000-cand-20260708-4175"	"PASS"	"莖；梗"	""	""
"th5000-cand-20260708-4179"	"PASS"	"說服"	""	""
"th5000-cand-20260708-4182"	"PASS"	"錫克教徒"	""	""
"th5000-cand-20260708-4185"	"PASS"	"背景"	""	""
"th5000-cand-20260708-4189"	"PASS"	"崇拜"	""	""
"th5000-cand-20260708-4192"	"PASS"	"家庭"	""	""
"th5000-cand-20260708-4195"	"PASS"	"詞彙"	""	""
"th5000-cand-20260708-4198"	"PASS"	"免疫"	""	""
"th5000-cand-20260708-4201"	"PASS"	"豬年"	""	""
"th5000-cand-20260708-4205"	"PASS"	"錯過一個機會"	""	""
"th5000-cand-20260708-4208"	"PASS"	"勇敢；有膽量"	""	""
"th5000-cand-20260708-4213"	"PASS"	"三藏"	""	""
"th5000-cand-20260708-4216"	"PASS"	"獎學金"	""	""
"th5000-cand-20260708-4219"	"PASS"	"聽筒"	""	""
"th5000-cand-20260708-4223"	"PASS"	"奇怪的"	""	""
"th5000-cand-20260708-4228"	"PASS"	"冷靜下來"	""	""
"th5000-cand-20260708-4231"	"PASS"	"銳利度；鋒利程度"	""	""
"th5000-cand-20260708-4234"	"PASS"	"建議"	""	""
"th5000-cand-20260708-4237"	"PASS"	"弦"	""	""
"th5000-cand-20260708-4240"	"PASS"	"知道"	""	""
"th5000-cand-20260708-4244"	"PASS"	"過程"	""	""
"th5000-cand-20260708-4248"	"PASS"	"延遲"	""	""
"th5000-cand-20260708-4251"	"PASS"	"當代；現今時代"	""	""
"th5000-cand-20260708-4255"	"PASS"	"鈉"	""	""
"th5000-cand-20260708-4258"	"PASS"	"暴力"	""	""
"th5000-cand-20260708-4261"	"PASS"	"擔心"	""	""
"th5000-cand-20260708-4264"	"PASS"	"揭示"	""	""
"th5000-cand-20260708-4268"	"PASS"	"等於"	""	""
"th5000-cand-20260708-4273"	"PASS"	"男人"	""	""
"th5000-cand-20260708-4276"	"PASS"	"政治的"	""	""
"th5000-cand-20260708-4279"	"PASS"	"判決；宣判"	""	""
"th5000-cand-20260708-4282"	"PASS"	"一套規定"
"th5000-cand-20260708-4285"	"PASS"	"廊開"	""	""
"th5000-cand-20260708-4288"	"PASS"	"生活"	""	""
"th5000-cand-20260708-4292"	"PASS"	"不朽"	""	""
"th5000-cand-20260708-4296"	"PASS"	"國籍"	""	""
"th5000-cand-20260708-4299"	"PASS"	"看得眼花撩亂；驚艷"	""	""
"th5000-cand-20260708-4302"	"PASS"	"強調"	""	""
"th5000-cand-20260708-4306"	"PASS"	"抽籤"	""	""
"th5000-cand-20260708-4309"	"PASS"	"經紀人"	""	""
"th5000-cand-20260708-4312"	"PASS"	"重要因素"	""	""
"th5000-cand-20260708-4315"	"PASS"	"美麗"	""	""
"th5000-cand-20260708-4318"	"PASS"	"啤酒"	""	""
"th5000-cand-20260708-4321"	"PASS"	"新聞資訊"	""	""
"th5000-cand-20260708-4324"	"PASS"	"極；陣營"	""	""
"th5000-cand-20260708-4328"	"PASS"	"正方形；四邊形"	""	""
"th5000-cand-20260708-4332"	"PASS"	"等待紙牌遊戲的獲勝者"	""	""
"th5000-cand-20260708-4335"	"PASS"	"刺"	""	""
"th5000-cand-20260708-4338"	"PASS"	"高等教育"	""	""
"th5000-cand-20260708-4341"	"PASS"	"影像"	""	""
"th5000-cand-20260708-4344"	"PASS"	"刑事案件"	""	""
"th5000-cand-20260708-4347"	"PASS"	"泰劇的一種"	""	""
"th5000-cand-20260708-4351"	"PASS"	"甜的"	""	""
"th5000-cand-20260708-4354"	"PASS"	"震驚"	""	""
"th5000-cand-20260708-4357"	"PASS"	"巴黎"	""	""
"th5000-cand-20260708-4360"	"PASS"	"強烈地"	""	""
"th5000-cand-20260708-4363"	"PASS"	"漁業"	""	""
"th5000-cand-20260708-4367"	"PASS"	"吸收"	""	""
"th5000-cand-20260708-4370"	"PASS"	"停留"	""	""
"th5000-cand-20260708-4374"	"PASS"	"國家公園"	""	""
"th5000-cand-20260708-4377"	"PASS"	"足夠；充分"	""	""
"th5000-cand-20260708-4381"	"PASS"	"手套"	""	""
"th5000-cand-20260708-4384"	"PASS"	"洩漏"	""	""
"th5000-cand-20260708-4387"	"PASS"	"計劃"	""	""
"th5000-cand-20260708-4391"	"PASS"	"篩"	""	""
"th5000-cand-20260708-4394"	"PASS"	"多汁鮮美"	""	""
"th5000-cand-20260708-4397"	"PASS"	"爭奪冠軍"	""	""
"th5000-cand-20260708-4400"	"PASS"	"賺錢"	""	""
"th5000-cand-20260708-4403"	"PASS"	"自……以來"	""	""
"th5000-cand-20260708-4407"	"PASS"	"營養"	""	""
"th5000-cand-20260708-4410"	"PASS"	"練習；操練"	""	""
"th5000-cand-20260708-4414"	"PASS"	"長大"	""	""
"th5000-cand-20260708-4418"	"PASS"	"有魅力；迷人"	""	""
"th5000-cand-20260708-4421"	"PASS"	"民主"	""	""
"th5000-cand-20260708-4424"	"PASS"	"犁"	""	""
"th5000-cand-20260708-4427"	"PASS"	"名列；排名在……"	""	""
"th5000-cand-20260708-4430"	"PASS"	"上場；進入場地"	""	""
"th5000-cand-20260708-4433"	"PASS"	"擁抱"	""	""
"th5000-cand-20260708-4436"	"PASS"	"達到"	""	""
"th5000-cand-20260708-4439"	"PASS"	"膠囊"	""	""
"th5000-cand-20260708-4442"	"PASS"	"敵人"	""	""
"th5000-cand-20260708-4446"	"PASS"	"結"	""	""
"th5000-cand-20260708-4449"	"PASS"	"宦官"	""	""
"th5000-cand-20260708-4452"	"PASS"	"檢查"	""	""
"th5000-cand-20260708-4455"	"PASS"	"紀念品"	""	""
"th5000-cand-20260708-4459"	"PASS"	"甚至"	""	""
"th5000-cand-20260708-4462"	"PASS"	"沾染上"	""	""
"th5000-cand-20260708-4465"	"PASS"	"披集府"	""	""
"th5000-cand-20260708-4468"	"PASS"	"社會科學"	""	""
"th5000-cand-20260708-4471"	"PASS"	"餌"	""	""
"th5000-cand-20260708-4474"	"PASS"	"鬥爭"	""	""
"th5000-cand-20260708-4477"	"PASS"	"平整度"
"th5000-cand-20260708-4480"	"PASS"	"生產者；製作者"	""	""
"th5000-cand-20260708-4483"	"PASS"	"預期"	""	""
"th5000-cand-20260708-4486"	"PASS"	"不知何故"	""	""
"th5000-cand-20260708-4489"	"PASS"	"德語"	""	""
"th5000-cand-20260708-4493"	"PASS"	"為什麼"	""	""
"th5000-cand-20260708-4496"	"PASS"	"通知"	""	""
"th5000-cand-20260708-4500"	"PASS"	"消毒"	""	""
"th5000-cand-20260708-4503"	"PASS"	"鼻涕或熔融銀滴形成的長條黏稠物"	""	""
"th5000-cand-20260708-4506"	"PASS"	"匯率"	""	""
"th5000-cand-20260708-4510"	"PASS"	"入口"	""	""
"th5000-cand-20260708-4513"	"PASS"	"營養"	""	""
"th5000-cand-20260708-4517"	"PASS"	"火車站"	""	""
"th5000-cand-20260708-4521"	"PASS"	"目的地"	""	""
"th5000-cand-20260708-4524"	"PASS"	"休息；休閒"	""	""
"th5000-cand-20260708-4527"	"PASS"	"肺"	""	""
"th5000-cand-20260708-4530"	"PASS"	"傲慢"	""	""
"th5000-cand-20260708-4533"	"PASS"	"減肥"	""	""
"th5000-cand-20260708-4536"	"PASS"	"金子"	""	""
"th5000-cand-20260708-4540"	"PASS"	"荷爾蒙"	""	""
"th5000-cand-20260708-4543"	"PASS"	"看得目不暇給；大開眼界"	""	""
"th5000-cand-20260708-4546"	"PASS"	"周圍的；四周的"	""	""
"th5000-cand-20260708-4549"	"PASS"	"壩"	""	""
"th5000-cand-20260708-4552"	"PASS"	"道歉"	""	""
"th5000-cand-20260708-4555"	"PASS"	"部會常務次長"	""	""
"th5000-cand-20260708-4558"	"PASS"	"公共衛生部"	""	""
"th5000-cand-20260708-4561"	"PASS"	"虎年"	""	""
"th5000-cand-20260708-4564"	"PASS"	"五"	""	""
"th5000-cand-20260708-4567"	"PASS"	"糖尿病"	""	""
"th5000-cand-20260708-4570"	"PASS"	"朋友"	""	""
"th5000-cand-20260708-4573"	"PASS"	"一種泰語詩體"	""	""
"th5000-cand-20260708-4576"	"PASS"	"仁慈"	""	""
"th5000-cand-20260708-4580"	"PASS"	"創造力"	""	""
"th5000-cand-20260708-4583"	"PASS"	"鹼性鹽"	""	""
"th5000-cand-20260708-4586"	"PASS"	"事實"	""	""
"th5000-cand-20260708-4589"	"PASS"	"蠓；小飛蟲"	""	""
"th5000-cand-20260708-4592"	"PASS"	"節省時間"	""	""
"th5000-cand-20260708-4596"	"PASS"	"誠信；信實"	""	""
"th5000-cand-20260708-4599"	"PASS"	"螺絲"	""	""
"th5000-cand-20260708-4602"	"PASS"	"空間"	""	""
"th5000-cand-20260708-4606"	"PASS"	"零售的"	""	""
"th5000-cand-20260708-4609"	"PASS"	"感到僵硬；痠痛"	""	""
"th5000-cand-20260708-4612"	"PASS"	"水果採摘桿"	""	""
"th5000-cand-20260708-4615"	"PASS"	"運輸貨物"	""	""
"th5000-cand-20260708-4618"	"PASS"	"漆"	""	""
"th5000-cand-20260708-4621"	"PASS"	"後院"	""	""
"th5000-cand-20260708-4624"	"PASS"	"推翻；發動革命"	""	""
"th5000-cand-20260708-4628"	"PASS"	"病人"	""	""
"th5000-cand-20260708-4631"	"PASS"	"恢復；修復"	""	""
"th5000-cand-20260708-4634"	"PASS"	"美容顧問"	""	""
"th5000-cand-20260708-4637"	"PASS"	"什麼"	""	""
"th5000-cand-20260708-4641"	"PASS"	"使複雜化"	""	""
"th5000-cand-20260708-4644"	"PASS"	"禁止"	""	""
"th5000-cand-20260708-4647"	"PASS"	"當事人；本人"	""	""
"th5000-cand-20260708-4650"	"PASS"	"靈巧的"	""	""
"th5000-cand-20260708-4656"	"PASS"	"證書"	""	""
"th5000-cand-20260708-4659"	"PASS"	"黏貼；貼上"	""	""
"th5000-cand-20260708-4662"	"PASS"	"金子"	""	""
"th5000-cand-20260708-4665"	"PASS"	"職業教育"	""	""
"th5000-cand-20260708-4669"	"PASS"	"聊天；喋喋不休"	""	""
"th5000-cand-20260708-4672"	"PASS"	"離開"
"th5000-cand-20260708-4675"	"PASS"	"彌補；補足"	""	""
"th5000-cand-20260708-4678"	"PASS"	"恢復"	""	""
"th5000-cand-20260708-4682"	"PASS"	"滿的"	""	""
"th5000-cand-20260708-4685"	"PASS"	"發狂；狂怒"	""	""
"th5000-cand-20260708-4688"	"PASS"	"卷"	""	""
"th5000-cand-20260708-4692"	"PASS"	"某處"	""	""
"th5000-cand-20260708-4695"	"PASS"	"夜豐頌"	""	""
"th5000-cand-20260708-4698"	"PASS"	"害怕做某件事"	""	""
"th5000-cand-20260708-4701"	"PASS"	"紅土"	""	""
"th5000-cand-20260708-4705"	"PASS"	"醫學科學"	""	""
"th5000-cand-20260708-4708"	"PASS"	"如果"	""	""
"th5000-cand-20260708-4711"	"PASS"	"存在"	""	""
"th5000-cand-20260708-4714"	"PASS"	"和尚的缽"	""	""
"th5000-cand-20260708-4717"	"PASS"	"正是如此；就是那樣"	""	""
"th5000-cand-20260708-4720"	"PASS"	"播出；廣播"	""	""
"th5000-cand-20260708-4723"	"PASS"	"秘密"	""	""
"th5000-cand-20260708-4726"	"PASS"	"中國人對如何定位建築物的信仰"	""	""
"th5000-cand-20260708-4730"	"PASS"	"碩士學位持有者"	""	""
"th5000-cand-20260708-4733"	"PASS"	"虛弱的"	""	""
"th5000-cand-20260708-4736"	"PASS"	"命名；取名"	""	""
"th5000-cand-20260708-4739"	"PASS"	"樹"	""	""
"th5000-cand-20260708-4742"	"PASS"	"精力充沛；強健"	""	""
"th5000-cand-20260708-4745"	"PASS"	"時間"	""	""
"th5000-cand-20260708-4748"	"PASS"	"溫和的"	""	""
"th5000-cand-20260708-4751"	"PASS"	"移動"	""	""
"th5000-cand-20260708-4755"	"PASS"	"珍珠"	""	""
"th5000-cand-20260708-4759"	"PASS"	"弄髒；玷污"	""	""
"th5000-cand-20260708-4762"	"PASS"	"國王、王子、女統治者或君主的尊稱"	""	""
"th5000-cand-20260708-4765"	"PASS"	"犧牲；奉獻"	""	""
"th5000-cand-20260708-4768"	"PASS"	"被認為是"	""	""
"th5000-cand-20260708-4771"	"PASS"	"鈕扣"	""	""
"th5000-cand-20260708-4774"	"PASS"	"變得"	""	""
"th5000-cand-20260708-4778"	"PASS"	"遙遠地；遠遠地"	""	""
"th5000-cand-20260708-4781"	"PASS"	"衣領"	""	""
"th5000-cand-20260708-4784"	"PASS"	"自由"	""	""
"th5000-cand-20260708-4787"	"PASS"	"身分證"	""	""
"th5000-cand-20260708-4790"	"PASS"	"資深的；年長的"	""	""
"th5000-cand-20260708-4793"	"PASS"	"佛陀"	""	""
"th5000-cand-20260708-4796"	"PASS"	"證券交易所"	""	""
"th5000-cand-20260708-4799"	"PASS"	"財富"	""	""
"th5000-cand-20260708-4803"	"PASS"	"嚴格"	""	""
"th5000-cand-20260708-4807"	"PASS"	"紅統"	""	""
"th5000-cand-20260708-4810"	"PASS"	"人群"	""	""
"th5000-cand-20260708-4813"	"PASS"	"寶石"	""	""
"th5000-cand-20260708-4816"	"PASS"	"和諧"	""	""
"th5000-cand-20260708-4820"	"PASS"	"唯讀記憶體"	""	""
"th5000-cand-20260708-4823"	"PASS"	"學期"	""	""
"th5000-cand-20260708-4826"	"PASS"	"容器"	""	""
"th5000-cand-20260708-4829"	"PASS"	"沙敦"	""	""
"th5000-cand-20260708-4832"	"PASS"	"飯廳"	""	""
"th5000-cand-20260708-4835"	"PASS"	"咒語；符咒"	""	""
"th5000-cand-20260708-4838"	"PASS"	"像；如同"	""	""
"th5000-cand-20260708-4841"	"PASS"	"鄰居"	""	""
"th5000-cand-20260708-4844"	"PASS"	"帆用繩索"	""	""
"th5000-cand-20260708-4848"	"PASS"	"警告"	""	""
"th5000-cand-20260708-4851"	"PASS"	"聚集在周圍；圍攏"	""	""
"th5000-cand-20260708-4854"	"PASS"	"混亂"	""	""
"th5000-cand-20260708-4857"	"PASS"	"參數"	""	""
"th5000-cand-20260708-4862"	"PASS"	"預計"	""	""
"th5000-cand-20260708-4865"	"PASS"	"文件"
"th5000-cand-20260708-4868"	"PASS"	"合法"	""	""
"th5000-cand-20260708-4871"	"PASS"	"永遠"	""	""
"th5000-cand-20260708-4874"	"PASS"	"每年"	""	""
"th5000-cand-20260708-4877"	"PASS"	"總幹事"	""	""
"th5000-cand-20260708-4880"	"PASS"	"過度擁擠"	""	""
"th5000-cand-20260708-4883"	"PASS"	"小丘；土堆"	""	""
"th5000-cand-20260708-4886"	"PASS"	"性格"	""	""
"th5000-cand-20260708-4889"	"PASS"	"此時"	""	""
"th5000-cand-20260708-4892"	"PASS"	"首先；第一"	""	""
"th5000-cand-20260708-4895"	"PASS"	"盎司"	""	""
"th5000-cand-20260708-4898"	"PASS"	"儲存；保留"	""	""
"th5000-cand-20260708-4901"	"PASS"	"子彈"	""	""
"th5000-cand-20260708-4904"	"PASS"	"其他人"	""	""
"th5000-cand-20260708-4907"	"PASS"	"自慰"	""	""
"th5000-cand-20260708-4910"	"PASS"	"讓步；妥協"	""	""
"th5000-cand-20260708-4913"	"PASS"	"好吃；美味"	""	""
"th5000-cand-20260708-4916"	"PASS"	"生態"	""	""
"th5000-cand-20260708-4919"	"PASS"	"深度"	""	""
"th5000-cand-20260708-4922"	"PASS"	"重複"	""	""
"th5000-cand-20260708-4926"	"PASS"	"崇拜"	""	""
"th5000-cand-20260708-4929"	"PASS"	"做"	""	""
"th5000-cand-20260708-4933"	"PASS"	"總統"	""	""
"th5000-cand-20260708-4937"	"PASS"	"空運；經由空路"	""	""
"th5000-cand-20260708-4941"	"PASS"	"極小的；迷你的"	""	""
"th5000-cand-20260708-4944"	"PASS"	"大腿"	""	""
"th5000-cand-20260708-4947"	"PASS"	"社會保險"	""	""
"th5000-cand-20260708-4950"	"PASS"	"收入"	""	""
"th5000-cand-20260708-4953"	"PASS"	"壓制；鎮壓"	""	""
"th5000-cand-20260708-4957"	"PASS"	"釋放；解放"	""	""
"th5000-cand-20260708-4960"	"PASS"	"主要的；重要的"	""	""
"th5000-cand-20260708-4963"	"PASS"	"忽視"	""	""
"th5000-cand-20260708-4966"	"PASS"	"信用"	""	""
"th5000-cand-20260708-4969"	"PASS"	"成員"	""	""
"th5000-cand-20260708-4972"	"PASS"	"夜晚"	""	""
"th5000-cand-20260708-4975"	"PASS"	"這次"	""	""
"th5000-cand-20260708-4978"	"PASS"	"物體；物質"	""	""
"th5000-cand-20260708-4982"	"PASS"	"指尖"	""	""
"th5000-cand-20260708-4986"	"PASS"	"海上的；經由海路的"	""	""
"th5000-cand-20260708-4989"	"PASS"	"強姦；性侵"	""	""
"th5000-cand-20260708-4992"	"PASS"	"白種人"	""	""
"th5000-cand-20260708-4996"	"PASS"	"祖父"	""	""
"th5000-cand-20260708-4999"	"PASS"	"發表聲明；陳述"	""	""
